<annotation>
  <folder>frame</folder>
  <filename>frame_001470.PNG</filename>
  <source>
    <database>Unknown</database>
    <annotation>Unknown</annotation>
    <image>Unknown</image>
  </source>
  <size>
    <width>640</width>
    <height>480</height>
    <depth></depth>
  </size>
  <segmented>0</segmented>
  <object>
    <name>beer</name>
    <truncated>0</truncated>
    <occluded>0</occluded>
    <difficult>0</difficult>
    <bndbox>
      <xmin>131.86</xmin>
      <ymin>11.07</ymin>
      <xmax>204.7</xmax>
      <ymax>102.16</ymax>
    </bndbox>
  </object>
</annotation>
