<annotation>
  <folder>frame</folder>
  <filename>frame_001400.PNG</filename>
  <source>
    <database>Unknown</database>
    <annotation>Unknown</annotation>
    <image>Unknown</image>
  </source>
  <size>
    <width>640</width>
    <height>480</height>
    <depth></depth>
  </size>
  <segmented>0</segmented>
  <object>
    <name>cola</name>
    <truncated>0</truncated>
    <occluded>0</occluded>
    <difficult>0</difficult>
    <bndbox>
      <xmin>355.23</xmin>
      <ymin>144.93</ymin>
      <xmax>402.75</xmax>
      <ymax>227.31</ymax>
    </bndbox>
  </object>
  <object>
    <name>beer</name>
    <truncated>0</truncated>
    <occluded>0</occluded>
    <difficult>0</difficult>
    <bndbox>
      <xmin>131.86</xmin>
      <ymin>15.82</ymin>
      <xmax>203.15</xmax>
      <ymax>103.73999999999998</ymax>
    </bndbox>
  </object>
</annotation>
