<annotation>
  <folder>frame</folder>
  <filename>frame_001401.PNG</filename>
  <source>
    <database>Unknown</database>
    <annotation>Unknown</annotation>
    <image>Unknown</image>
  </source>
  <size>
    <width>640</width>
    <height>480</height>
    <depth></depth>
  </size>
  <segmented>0</segmented>
  <object>
    <name>beer</name>
    <truncated>0</truncated>
    <occluded>0</occluded>
    <difficult>0</difficult>
    <bndbox>
      <xmin>134.24</xmin>
      <ymin>15.03</ymin>
      <xmax>203.15</xmax>
      <ymax>102.16</ymax>
    </bndbox>
  </object>
  <object>
    <name>cola</name>
    <truncated>0</truncated>
    <occluded>0</occluded>
    <difficult>0</difficult>
    <bndbox>
      <xmin>335.43</xmin>
      <ymin>143.35</ymin>
      <xmax>386.12</xmax>
      <ymax>228.89</ymax>
    </bndbox>
  </object>
</annotation>
