<annotation>
  <folder>frame</folder>
  <filename>frame_001405.PNG</filename>
  <source>
    <database>Unknown</database>
    <annotation>Unknown</annotation>
    <image>Unknown</image>
  </source>
  <size>
    <width>640</width>
    <height>480</height>
    <depth></depth>
  </size>
  <segmented>0</segmented>
  <object>
    <name>beer</name>
    <truncated>0</truncated>
    <occluded>0</occluded>
    <difficult>0</difficult>
    <bndbox>
      <xmin>133.45</xmin>
      <ymin>11.86</ymin>
      <xmax>201.56</xmax>
      <ymax>99.78</ymax>
    </bndbox>
  </object>
  <object>
    <name>cola</name>
    <truncated>0</truncated>
    <occluded>0</occluded>
    <difficult>0</difficult>
    <bndbox>
      <xmin>265.72</xmin>
      <ymin>142.55</ymin>
      <xmax>310.08</xmax>
      <ymax>232.85</ymax>
    </bndbox>
  </object>
</annotation>
