<annotation>
  <folder>frame</folder>
  <filename>frame_001403.PNG</filename>
  <source>
    <database>Unknown</database>
    <annotation>Unknown</annotation>
    <image>Unknown</image>
  </source>
  <size>
    <width>640</width>
    <height>480</height>
    <depth></depth>
  </size>
  <segmented>0</segmented>
  <object>
    <name>beer</name>
    <truncated>0</truncated>
    <occluded>0</occluded>
    <difficult>0</difficult>
    <bndbox>
      <xmin>130.28</xmin>
      <ymin>11.86</ymin>
      <xmax>202.36</xmax>
      <ymax>102.16</ymax>
    </bndbox>
  </object>
  <object>
    <name>cola</name>
    <truncated>0</truncated>
    <occluded>0</occluded>
    <difficult>0</difficult>
    <bndbox>
      <xmin>299.78</xmin>
      <ymin>142.55</ymin>
      <xmax>352.06</xmax>
      <ymax>232.85</ymax>
    </bndbox>
  </object>
</annotation>
