<annotation>
  <folder>frame</folder>
  <filename>frame_001411.PNG</filename>
  <source>
    <database>Unknown</database>
    <annotation>Unknown</annotation>
    <image>Unknown</image>
  </source>
  <size>
    <width>640</width>
    <height>480</height>
    <depth></depth>
  </size>
  <segmented>0</segmented>
  <object>
    <name>beer</name>
    <truncated>0</truncated>
    <occluded>0</occluded>
    <difficult>0</difficult>
    <bndbox>
      <xmin>130.28</xmin>
      <ymin>12.65</ymin>
      <xmax>201.56</xmax>
      <ymax>102.16</ymax>
    </bndbox>
  </object>
  <object>
    <name>cola</name>
    <truncated>0</truncated>
    <occluded>0</occluded>
    <difficult>0</difficult>
    <bndbox>
      <xmin>158.79</xmin>
      <ymin>143.35</ymin>
      <xmax>209.49</xmax>
      <ymax>237.6</ymax>
    </bndbox>
  </object>
</annotation>
