<annotation>
  <folder>frame</folder>
  <filename>frame_001413.PNG</filename>
  <source>
    <database>Unknown</database>
    <annotation>Unknown</annotation>
    <image>Unknown</image>
  </source>
  <size>
    <width>640</width>
    <height>480</height>
    <depth></depth>
  </size>
  <segmented>0</segmented>
  <object>
    <name>beer</name>
    <truncated>0</truncated>
    <occluded>0</occluded>
    <difficult>0</difficult>
    <bndbox>
      <xmin>134.24</xmin>
      <ymin>11.07</ymin>
      <xmax>200.8</xmax>
      <ymax>101.4</ymax>
    </bndbox>
  </object>
  <object>
    <name>cola</name>
    <truncated>0</truncated>
    <occluded>0</occluded>
    <difficult>0</difficult>
    <bndbox>
      <xmin>127.11</xmin>
      <ymin>144.93</ymin>
      <xmax>173.05</xmax>
      <ymax>233.64</ymax>
    </bndbox>
  </object>
</annotation>
