<annotation>
  <folder>frame</folder>
  <filename>frame_001402.PNG</filename>
  <source>
    <database>Unknown</database>
    <annotation>Unknown</annotation>
    <image>Unknown</image>
  </source>
  <size>
    <width>640</width>
    <height>480</height>
    <depth></depth>
  </size>
  <segmented>0</segmented>
  <object>
    <name>cola</name>
    <truncated>0</truncated>
    <occluded>0</occluded>
    <difficult>0</difficult>
    <bndbox>
      <xmin>320.38</xmin>
      <ymin>144.14</ymin>
      <xmax>366.3</xmax>
      <ymax>233.64</ymax>
    </bndbox>
  </object>
  <object>
    <name>beer</name>
    <truncated>0</truncated>
    <occluded>0</occluded>
    <difficult>0</difficult>
    <bndbox>
      <xmin>132.65</xmin>
      <ymin>13.45</ymin>
      <xmax>201.56</xmax>
      <ymax>101.4</ymax>
    </bndbox>
  </object>
</annotation>
