<annotation>
  <folder>frame</folder>
  <filename>frame_001409.PNG</filename>
  <source>
    <database>Unknown</database>
    <annotation>Unknown</annotation>
    <image>Unknown</image>
  </source>
  <size>
    <width>640</width>
    <height>480</height>
    <depth></depth>
  </size>
  <segmented>0</segmented>
  <object>
    <name>beer</name>
    <truncated>0</truncated>
    <occluded>0</occluded>
    <difficult>0</difficult>
    <bndbox>
      <xmin>130.28</xmin>
      <ymin>15.82</ymin>
      <xmax>204.73</xmax>
      <ymax>102.94999999999999</ymax>
    </bndbox>
  </object>
  <object>
    <name>cola</name>
    <truncated>0</truncated>
    <occluded>0</occluded>
    <difficult>0</difficult>
    <bndbox>
      <xmin>192.85</xmin>
      <ymin>144.93</ymin>
      <xmax>245.13</xmax>
      <ymax>232.06</ymax>
    </bndbox>
  </object>
</annotation>
