<annotation>
  <folder>frame</folder>
  <filename>frame_001407.PNG</filename>
  <source>
    <database>Unknown</database>
    <annotation>Unknown</annotation>
    <image>Unknown</image>
  </source>
  <size>
    <width>640</width>
    <height>480</height>
    <depth></depth>
  </size>
  <segmented>0</segmented>
  <object>
    <name>beer</name>
    <truncated>0</truncated>
    <occluded>0</occluded>
    <difficult>0</difficult>
    <bndbox>
      <xmin>133.45</xmin>
      <ymin>13.45</ymin>
      <xmax>199.19</xmax>
      <ymax>100.57</ymax>
    </bndbox>
  </object>
  <object>
    <name>cola</name>
    <truncated>0</truncated>
    <occluded>0</occluded>
    <difficult>0</difficult>
    <bndbox>
      <xmin>226.91</xmin>
      <ymin>145.72</ymin>
      <xmax>279.19</xmax>
      <ymax>229.68</ymax>
    </bndbox>
  </object>
</annotation>
