<annotation>
  <folder>frame</folder>
  <filename>frame_001414.PNG</filename>
  <source>
    <database>Unknown</database>
    <annotation>Unknown</annotation>
    <image>Unknown</image>
  </source>
  <size>
    <width>640</width>
    <height>480</height>
    <depth></depth>
  </size>
  <segmented>0</segmented>
  <object>
    <name>cola</name>
    <truncated>0</truncated>
    <occluded>0</occluded>
    <difficult>0</difficult>
    <bndbox>
      <xmin>110.48</xmin>
      <ymin>144.93</ymin>
      <xmax>156.42</xmax>
      <ymax>232.85</ymax>
    </bndbox>
  </object>
  <object>
    <name>beer</name>
    <truncated>0</truncated>
    <occluded>0</occluded>
    <difficult>0</difficult>
    <bndbox>
      <xmin>131.07</xmin>
      <ymin>11.86</ymin>
      <xmax>204.73</xmax>
      <ymax>101.37</ymax>
    </bndbox>
  </object>
</annotation>
