<annotation>
  <folder>frame</folder>
  <filename>frame_001406.PNG</filename>
  <source>
    <database>Unknown</database>
    <annotation>Unknown</annotation>
    <image>Unknown</image>
  </source>
  <size>
    <width>640</width>
    <height>480</height>
    <depth></depth>
  </size>
  <segmented>0</segmented>
  <object>
    <name>cola</name>
    <truncated>0</truncated>
    <occluded>0</occluded>
    <difficult>0</difficult>
    <bndbox>
      <xmin>246.71</xmin>
      <ymin>144.14</ymin>
      <xmax>291.86</xmax>
      <ymax>232.06</ymax>
    </bndbox>
  </object>
  <object>
    <name>beer</name>
    <truncated>0</truncated>
    <occluded>0</occluded>
    <difficult>0</difficult>
    <bndbox>
      <xmin>134.24</xmin>
      <ymin>11.86</ymin>
      <xmax>200.77</xmax>
      <ymax>101.37</ymax>
    </bndbox>
  </object>
</annotation>
