<annotation>
  <folder>frame</folder>
  <filename>frame_001408.PNG</filename>
  <source>
    <database>Unknown</database>
    <annotation>Unknown</annotation>
    <image>Unknown</image>
  </source>
  <size>
    <width>640</width>
    <height>480</height>
    <depth></depth>
  </size>
  <segmented>0</segmented>
  <object>
    <name>cola</name>
    <truncated>0</truncated>
    <occluded>0</occluded>
    <difficult>0</difficult>
    <bndbox>
      <xmin>208.69</xmin>
      <ymin>144.14</ymin>
      <xmax>258.59</xmax>
      <ymax>234.44</ymax>
    </bndbox>
  </object>
  <object>
    <name>beer</name>
    <truncated>0</truncated>
    <occluded>0</occluded>
    <difficult>0</difficult>
    <bndbox>
      <xmin>132.65</xmin>
      <ymin>13.45</ymin>
      <xmax>200.77</xmax>
      <ymax>102.95</ymax>
    </bndbox>
  </object>
</annotation>
