<annotation>
  <folder>frame</folder>
  <filename>frame_001349.PNG</filename>
  <source>
    <database>Unknown</database>
    <annotation>Unknown</annotation>
    <image>Unknown</image>
  </source>
  <size>
    <width>640</width>
    <height>480</height>
    <depth></depth>
  </size>
  <segmented>0</segmented>
  <object>
    <name>beer</name>
    <truncated>0</truncated>
    <occluded>0</occluded>
    <difficult>0</difficult>
    <bndbox>
      <xmin>114.45</xmin>
      <ymin>5.25</ymin>
      <xmax>185.78</xmax>
      <ymax>96.75</ymax>
    </bndbox>
  </object>
</annotation>
