<annotation>
  <folder>frame</folder>
  <filename>frame_001390.PNG</filename>
  <source>
    <database>Unknown</database>
    <annotation>Unknown</annotation>
    <image>Unknown</image>
  </source>
  <size>
    <width>640</width>
    <height>480</height>
    <depth></depth>
  </size>
  <segmented>0</segmented>
  <object>
    <name>beer</name>
    <truncated>0</truncated>
    <occluded>0</occluded>
    <difficult>0</difficult>
    <bndbox>
      <xmin>132.53</xmin>
      <ymin>13.5</ymin>
      <xmax>203.0</xmax>
      <ymax>102.0</ymax>
    </bndbox>
  </object>
  <object>
    <name>cola</name>
    <truncated>0</truncated>
    <occluded>0</occluded>
    <difficult>0</difficult>
    <bndbox>
      <xmin>560.03</xmin>
      <ymin>120.75</ymin>
      <xmax>626.03</xmax>
      <ymax>204.0</ymax>
    </bndbox>
  </object>
</annotation>
