<annotation>
  <folder>frame</folder>
  <filename>frame_001361.PNG</filename>
  <source>
    <database>Unknown</database>
    <annotation>Unknown</annotation>
    <image>Unknown</image>
  </source>
  <size>
    <width>640</width>
    <height>480</height>
    <depth></depth>
  </size>
  <segmented>0</segmented>
  <object>
    <name>beer</name>
    <truncated>0</truncated>
    <occluded>0</occluded>
    <difficult>0</difficult>
    <bndbox>
      <xmin>130.28</xmin>
      <ymin>11.25</ymin>
      <xmax>198.53</xmax>
      <ymax>101.25</ymax>
    </bndbox>
  </object>
</annotation>
