<annotation>
  <folder>frame</folder>
  <filename>frame_001395.PNG</filename>
  <source>
    <database>Unknown</database>
    <annotation>Unknown</annotation>
    <image>Unknown</image>
  </source>
  <size>
    <width>640</width>
    <height>480</height>
    <depth></depth>
  </size>
  <segmented>0</segmented>
  <object>
    <name>cola</name>
    <truncated>0</truncated>
    <occluded>0</occluded>
    <difficult>0</difficult>
    <bndbox>
      <xmin>442.22</xmin>
      <ymin>132.03</ymin>
      <xmax>502.22</xmax>
      <ymax>225.78</ymax>
    </bndbox>
  </object>
  <object>
    <name>beer</name>
    <truncated>0</truncated>
    <occluded>0</occluded>
    <difficult>0</difficult>
    <bndbox>
      <xmin>132.53</xmin>
      <ymin>13.5</ymin>
      <xmax>203.0</xmax>
      <ymax>102.0</ymax>
    </bndbox>
  </object>
</annotation>
