<annotation>
  <folder>frame</folder>
  <filename>frame_000303.PNG</filename>
  <source>
    <database>Unknown</database>
    <annotation>Unknown</annotation>
    <image>Unknown</image>
  </source>
  <size>
    <width>640</width>
    <height>480</height>
    <depth></depth>
  </size>
  <segmented>0</segmented>
  <object>
    <name>beer</name>
    <truncated>0</truncated>
    <occluded>0</occluded>
    <difficult>0</difficult>
    <bndbox>
      <xmin>248.11</xmin>
      <ymin>60.54</ymin>
      <xmax>336.07</xmax>
      <ymax>142.78</ymax>
    </bndbox>
  </object>
  <object>
    <name>beer</name>
    <truncated>0</truncated>
    <occluded>0</occluded>
    <difficult>0</difficult>
    <bndbox>
      <xmin>255.26</xmin>
      <ymin>285.8</ymin>
      <xmax>347.51</xmax>
      <ymax>363.74</ymax>
    </bndbox>
  </object>
  <object>
    <name>cola</name>
    <truncated>0</truncated>
    <occluded>0</occluded>
    <difficult>0</difficult>
    <bndbox>
      <xmin>86.5</xmin>
      <ymin>0.0</ymin>
      <xmax>167.31</xmax>
      <ymax>36.23</ymax>
    </bndbox>
  </object>
</annotation>
