<annotation>
  <folder>frame</folder>
  <filename>frame_000337.PNG</filename>
  <source>
    <database>Unknown</database>
    <annotation>Unknown</annotation>
    <image>Unknown</image>
  </source>
  <size>
    <width>640</width>
    <height>480</height>
    <depth></depth>
  </size>
  <segmented>0</segmented>
  <object>
    <name>beer</name>
    <truncated>0</truncated>
    <occluded>0</occluded>
    <difficult>0</difficult>
    <bndbox>
      <xmin>259.55</xmin>
      <ymin>46.96</ymin>
      <xmax>349.65</xmax>
      <ymax>136.34</ymax>
    </bndbox>
  </object>
  <object>
    <name>beer</name>
    <truncated>0</truncated>
    <occluded>0</occluded>
    <difficult>0</difficult>
    <bndbox>
      <xmin>443.33</xmin>
      <ymin>318.69</ymin>
      <xmax>549.88</xmax>
      <ymax>375.18</ymax>
    </bndbox>
  </object>
  <object>
    <name>beer</name>
    <truncated>0</truncated>
    <occluded>0</occluded>
    <difficult>0</difficult>
    <bndbox>
      <xmin>220.22</xmin>
      <ymin>292.95</ymin>
      <xmax>306.03</xmax>
      <ymax>357.3</ymax>
    </bndbox>
  </object>
  <object>
    <name>beer</name>
    <truncated>0</truncated>
    <occluded>0</occluded>
    <difficult>0</difficult>
    <bndbox>
      <xmin>133.7</xmin>
      <ymin>285.8</ymin>
      <xmax>222.37</xmax>
      <ymax>353.73</ymax>
    </bndbox>
  </object>
  <object>
    <name>beer</name>
    <truncated>0</truncated>
    <occluded>0</occluded>
    <difficult>0</difficult>
    <bndbox>
      <xmin>82.21</xmin>
      <ymin>0.0</ymin>
      <xmax>171.6</xmax>
      <ymax>41.95</ymax>
    </bndbox>
  </object>
</annotation>
