<annotation>
  <folder>frame</folder>
  <filename>frame_000312.PNG</filename>
  <source>
    <database>Unknown</database>
    <annotation>Unknown</annotation>
    <image>Unknown</image>
  </source>
  <size>
    <width>640</width>
    <height>480</height>
    <depth></depth>
  </size>
  <segmented>0</segmented>
  <object>
    <name>beer</name>
    <truncated>0</truncated>
    <occluded>0</occluded>
    <difficult>0</difficult>
    <bndbox>
      <xmin>260.27</xmin>
      <ymin>49.1</ymin>
      <xmax>347.51</xmax>
      <ymax>131.34</ymax>
    </bndbox>
  </object>
  <object>
    <name>beer</name>
    <truncated>0</truncated>
    <occluded>0</occluded>
    <difficult>0</difficult>
    <bndbox>
      <xmin>216.65</xmin>
      <ymin>287.94</ymin>
      <xmax>304.6</xmax>
      <ymax>353.01</ymax>
    </bndbox>
  </object>
  <object>
    <name>beer</name>
    <truncated>0</truncated>
    <occluded>0</occluded>
    <difficult>0</difficult>
    <bndbox>
      <xmin>129.41</xmin>
      <ymin>282.94</ymin>
      <xmax>217.36</xmax>
      <ymax>353.73</ymax>
    </bndbox>
  </object>
  <object>
    <name>beer</name>
    <truncated>0</truncated>
    <occluded>0</occluded>
    <difficult>0</difficult>
    <bndbox>
      <xmin>447.62</xmin>
      <ymin>318.69</ymin>
      <xmax>549.88</xmax>
      <ymax>370.18</ymax>
    </bndbox>
  </object>
  <object>
    <name>cola</name>
    <truncated>0</truncated>
    <occluded>0</occluded>
    <difficult>0</difficult>
    <bndbox>
      <xmin>77.21</xmin>
      <ymin>0.0</ymin>
      <xmax>168.02</xmax>
      <ymax>41.95</ymax>
    </bndbox>
  </object>
</annotation>
