<annotation>
  <folder>frame</folder>
  <filename>frame_000383.PNG</filename>
  <source>
    <database>Unknown</database>
    <annotation>Unknown</annotation>
    <image>Unknown</image>
  </source>
  <size>
    <width>640</width>
    <height>480</height>
    <depth></depth>
  </size>
  <segmented>0</segmented>
  <object>
    <name>beer</name>
    <truncated>0</truncated>
    <occluded>0</occluded>
    <difficult>0</difficult>
    <bndbox>
      <xmin>545.59</xmin>
      <ymin>327.27</ymin>
      <xmax>640.0</xmax>
      <ymax>373.04</ymax>
    </bndbox>
  </object>
  <object>
    <name>beer</name>
    <truncated>0</truncated>
    <occluded>0</occluded>
    <difficult>0</difficult>
    <bndbox>
      <xmin>214.5</xmin>
      <ymin>292.95</ymin>
      <xmax>308.18</xmax>
      <ymax>356.59</ymax>
    </bndbox>
  </object>
  <object>
    <name>beer</name>
    <truncated>0</truncated>
    <occluded>0</occluded>
    <difficult>0</difficult>
    <bndbox>
      <xmin>129.41</xmin>
      <ymin>282.22</ymin>
      <xmax>217.36</xmax>
      <ymax>352.3</ymax>
    </bndbox>
  </object>
  <object>
    <name>beer</name>
    <truncated>0</truncated>
    <occluded>0</occluded>
    <difficult>0</difficult>
    <bndbox>
      <xmin>258.84</xmin>
      <ymin>54.11</ymin>
      <xmax>340.36</xmax>
      <ymax>139.2</ymax>
    </bndbox>
  </object>
  <object>
    <name>cola</name>
    <truncated>0</truncated>
    <occluded>0</occluded>
    <difficult>0</difficult>
    <bndbox>
      <xmin>87.22</xmin>
      <ymin>0.0</ymin>
      <xmax>169.45</xmax>
      <ymax>38.38</ymax>
    </bndbox>
  </object>
</annotation>
