<annotation>
  <folder>frame</folder>
  <filename>frame_000310.PNG</filename>
  <source>
    <database>Unknown</database>
    <annotation>Unknown</annotation>
    <image>Unknown</image>
  </source>
  <size>
    <width>640</width>
    <height>480</height>
    <depth></depth>
  </size>
  <segmented>0</segmented>
  <object>
    <name>beer</name>
    <truncated>0</truncated>
    <occluded>0</occluded>
    <difficult>0</difficult>
    <bndbox>
      <xmin>257.41</xmin>
      <ymin>49.82</ymin>
      <xmax>343.93</xmax>
      <ymax>133.48</ymax>
    </bndbox>
  </object>
  <object>
    <name>beer</name>
    <truncated>0</truncated>
    <occluded>0</occluded>
    <difficult>0</difficult>
    <bndbox>
      <xmin>445.47</xmin>
      <ymin>324.41</ymin>
      <xmax>547.02</xmax>
      <ymax>371.61</ymax>
    </bndbox>
  </object>
  <object>
    <name>beer</name>
    <truncated>0</truncated>
    <occluded>0</occluded>
    <difficult>0</difficult>
    <bndbox>
      <xmin>217.36</xmin>
      <ymin>290.02</ymin>
      <xmax>308.18</xmax>
      <ymax>355.16</ymax>
    </bndbox>
  </object>
  <object>
    <name>beer</name>
    <truncated>0</truncated>
    <occluded>0</occluded>
    <difficult>0</difficult>
    <bndbox>
      <xmin>129.41</xmin>
      <ymin>285.72</ymin>
      <xmax>221.65</xmax>
      <ymax>350.87</ymax>
    </bndbox>
  </object>
  <object>
    <name>cola</name>
    <truncated>0</truncated>
    <occluded>0</occluded>
    <difficult>0</difficult>
    <bndbox>
      <xmin>77.21</xmin>
      <ymin>0.0</ymin>
      <xmax>165.16</xmax>
      <ymax>41.24</ymax>
    </bndbox>
  </object>
</annotation>
