<annotation>
  <folder>frame</folder>
  <filename>frame_000302.PNG</filename>
  <source>
    <database>Unknown</database>
    <annotation>Unknown</annotation>
    <image>Unknown</image>
  </source>
  <size>
    <width>640</width>
    <height>480</height>
    <depth></depth>
  </size>
  <segmented>0</segmented>
  <object>
    <name>beer</name>
    <truncated>0</truncated>
    <occluded>0</occluded>
    <difficult>0</difficult>
    <bndbox>
      <xmin>269.56</xmin>
      <ymin>289.37</ymin>
      <xmax>363.24</xmax>
      <ymax>364.46</ymax>
    </bndbox>
  </object>
  <object>
    <name>beer</name>
    <truncated>0</truncated>
    <occluded>0</occluded>
    <difficult>0</difficult>
    <bndbox>
      <xmin>243.11</xmin>
      <ymin>59.11</ymin>
      <xmax>332.49</xmax>
      <ymax>143.49</ymax>
    </bndbox>
  </object>
  <object>
    <name>beer</name>
    <truncated>0</truncated>
    <occluded>0</occluded>
    <difficult>0</difficult>
    <bndbox>
      <xmin>446.19</xmin>
      <ymin>325.13</ymin>
      <xmax>548.45</xmax>
      <ymax>368.75</ymax>
    </bndbox>
  </object>
  <object>
    <name>beer</name>
    <truncated>0</truncated>
    <occluded>0</occluded>
    <difficult>0</difficult>
    <bndbox>
      <xmin>132.27</xmin>
      <ymin>287.23</ymin>
      <xmax>224.51</xmax>
      <ymax>355.88</ymax>
    </bndbox>
  </object>
  <object>
    <name>cola</name>
    <truncated>0</truncated>
    <occluded>0</occluded>
    <difficult>0</difficult>
    <bndbox>
      <xmin>90.08</xmin>
      <ymin>0.0</ymin>
      <xmax>172.31</xmax>
      <ymax>35.52</ymax>
    </bndbox>
  </object>
</annotation>
