<annotation>
  <folder>frame</folder>
  <filename>frame_000308.PNG</filename>
  <source>
    <database>Unknown</database>
    <annotation>Unknown</annotation>
    <image>Unknown</image>
  </source>
  <size>
    <width>640</width>
    <height>480</height>
    <depth></depth>
  </size>
  <segmented>0</segmented>
  <object>
    <name>beer</name>
    <truncated>0</truncated>
    <occluded>0</occluded>
    <difficult>0</difficult>
    <bndbox>
      <xmin>221.65</xmin>
      <ymin>293.66</ymin>
      <xmax>309.61</xmax>
      <ymax>353.73</ymax>
    </bndbox>
  </object>
  <object>
    <name>beer</name>
    <truncated>0</truncated>
    <occluded>0</occluded>
    <difficult>0</difficult>
    <bndbox>
      <xmin>445.47</xmin>
      <ymin>319.41</ymin>
      <xmax>547.73</xmax>
      <ymax>368.75</ymax>
    </bndbox>
  </object>
  <object>
    <name>beer</name>
    <truncated>0</truncated>
    <occluded>0</occluded>
    <difficult>0</difficult>
    <bndbox>
      <xmin>130.84</xmin>
      <ymin>285.8</ymin>
      <xmax>222.37</xmax>
      <ymax>349.44</ymax>
    </bndbox>
  </object>
  <object>
    <name>beer</name>
    <truncated>0</truncated>
    <occluded>0</occluded>
    <difficult>0</difficult>
    <bndbox>
      <xmin>258.12</xmin>
      <ymin>52.68</ymin>
      <xmax>341.07</xmax>
      <ymax>137.06</ymax>
    </bndbox>
  </object>
  <object>
    <name>cola</name>
    <truncated>0</truncated>
    <occluded>0</occluded>
    <difficult>0</difficult>
    <bndbox>
      <xmin>86.5</xmin>
      <ymin>0.41</ymin>
      <xmax>165.16</xmax>
      <ymax>44.81</ymax>
    </bndbox>
  </object>
</annotation>
