<annotation>
  <folder>frame</folder>
  <filename>frame_000313.PNG</filename>
  <source>
    <database>Unknown</database>
    <annotation>Unknown</annotation>
    <image>Unknown</image>
  </source>
  <size>
    <width>640</width>
    <height>480</height>
    <depth></depth>
  </size>
  <segmented>0</segmented>
  <object>
    <name>beer</name>
    <truncated>0</truncated>
    <occluded>0</occluded>
    <difficult>0</difficult>
    <bndbox>
      <xmin>260.98</xmin>
      <ymin>51.96</ymin>
      <xmax>346.08</xmax>
      <ymax>130.62</ymax>
    </bndbox>
  </object>
  <object>
    <name>beer</name>
    <truncated>0</truncated>
    <occluded>0</occluded>
    <difficult>0</difficult>
    <bndbox>
      <xmin>448.33</xmin>
      <ymin>322.27</ymin>
      <xmax>544.16</xmax>
      <ymax>373.04</ymax>
    </bndbox>
  </object>
  <object>
    <name>beer</name>
    <truncated>0</truncated>
    <occluded>0</occluded>
    <difficult>0</difficult>
    <bndbox>
      <xmin>218.08</xmin>
      <ymin>290.02</ymin>
      <xmax>306.03</xmax>
      <ymax>360.17</ymax>
    </bndbox>
  </object>
  <object>
    <name>beer</name>
    <truncated>0</truncated>
    <occluded>0</occluded>
    <difficult>0</difficult>
    <bndbox>
      <xmin>130.84</xmin>
      <ymin>283.65</ymin>
      <xmax>217.36</xmax>
      <ymax>355.88</ymax>
    </bndbox>
  </object>
  <object>
    <name>cola</name>
    <truncated>0</truncated>
    <occluded>0</occluded>
    <difficult>0</difficult>
    <bndbox>
      <xmin>76.49</xmin>
      <ymin>0.0</ymin>
      <xmax>167.31</xmax>
      <ymax>44.81</ymax>
    </bndbox>
  </object>
</annotation>
