<annotation>
  <folder>frame</folder>
  <filename>frame_000311.PNG</filename>
  <source>
    <database>Unknown</database>
    <annotation>Unknown</annotation>
    <image>Unknown</image>
  </source>
  <size>
    <width>640</width>
    <height>480</height>
    <depth></depth>
  </size>
  <segmented>0</segmented>
  <object>
    <name>beer</name>
    <truncated>0</truncated>
    <occluded>0</occluded>
    <difficult>0</difficult>
    <bndbox>
      <xmin>260.98</xmin>
      <ymin>50.53</ymin>
      <xmax>346.79</xmax>
      <ymax>137.77</ymax>
    </bndbox>
  </object>
  <object>
    <name>beer</name>
    <truncated>0</truncated>
    <occluded>0</occluded>
    <difficult>0</difficult>
    <bndbox>
      <xmin>131.55</xmin>
      <ymin>280.08</ymin>
      <xmax>218.79</xmax>
      <ymax>345.15</ymax>
    </bndbox>
  </object>
  <object>
    <name>beer</name>
    <truncated>0</truncated>
    <occluded>0</occluded>
    <difficult>0</difficult>
    <bndbox>
      <xmin>220.94</xmin>
      <ymin>287.94</ymin>
      <xmax>304.6</xmax>
      <ymax>353.01</ymax>
    </bndbox>
  </object>
  <object>
    <name>beer</name>
    <truncated>0</truncated>
    <occluded>0</occluded>
    <difficult>0</difficult>
    <bndbox>
      <xmin>441.9</xmin>
      <ymin>327.27</ymin>
      <xmax>547.73</xmax>
      <ymax>370.18</ymax>
    </bndbox>
  </object>
  <object>
    <name>cola</name>
    <truncated>0</truncated>
    <occluded>0</occluded>
    <difficult>0</difficult>
    <bndbox>
      <xmin>84.36</xmin>
      <ymin>0.0</ymin>
      <xmax>167.31</xmax>
      <ymax>43.38</ymax>
    </bndbox>
  </object>
</annotation>
