<annotation>
  <folder>frame</folder>
  <filename>frame_000386.PNG</filename>
  <source>
    <database>Unknown</database>
    <annotation>Unknown</annotation>
    <image>Unknown</image>
  </source>
  <size>
    <width>640</width>
    <height>480</height>
    <depth></depth>
  </size>
  <segmented>0</segmented>
  <object>
    <name>beer</name>
    <truncated>0</truncated>
    <occluded>0</occluded>
    <difficult>0</difficult>
    <bndbox>
      <xmin>492.67</xmin>
      <ymin>307.25</ymin>
      <xmax>598.5</xmax>
      <ymax>363.74</ymax>
    </bndbox>
  </object>
  <object>
    <name>beer</name>
    <truncated>0</truncated>
    <occluded>0</occluded>
    <difficult>0</difficult>
    <bndbox>
      <xmin>258.84</xmin>
      <ymin>51.96</ymin>
      <xmax>342.5</xmax>
      <ymax>137.77</ymax>
    </bndbox>
  </object>
  <object>
    <name>beer</name>
    <truncated>0</truncated>
    <occluded>0</occluded>
    <difficult>0</difficult>
    <bndbox>
      <xmin>218.79</xmin>
      <ymin>295.81</ymin>
      <xmax>309.61</xmax>
      <ymax>355.88</ymax>
    </bndbox>
  </object>
  <object>
    <name>beer</name>
    <truncated>0</truncated>
    <occluded>0</occluded>
    <difficult>0</difficult>
    <bndbox>
      <xmin>127.26</xmin>
      <ymin>284.37</ymin>
      <xmax>220.22</xmax>
      <ymax>355.88</ymax>
    </bndbox>
  </object>
  <object>
    <name>cola</name>
    <truncated>0</truncated>
    <occluded>0</occluded>
    <difficult>0</difficult>
    <bndbox>
      <xmin>87.93</xmin>
      <ymin>0.0</ymin>
      <xmax>165.88</xmax>
      <ymax>41.95</ymax>
    </bndbox>
  </object>
</annotation>
