<annotation>
  <folder>frame</folder>
  <filename>frame_000338.PNG</filename>
  <source>
    <database>Unknown</database>
    <annotation>Unknown</annotation>
    <image>Unknown</image>
  </source>
  <size>
    <width>640</width>
    <height>480</height>
    <depth></depth>
  </size>
  <segmented>0</segmented>
  <object>
    <name>beer</name>
    <truncated>0</truncated>
    <occluded>0</occluded>
    <difficult>0</difficult>
    <bndbox>
      <xmin>254.55</xmin>
      <ymin>49.1</ymin>
      <xmax>348.22</xmax>
      <ymax>134.2</ymax>
    </bndbox>
  </object>
  <object>
    <name>beer</name>
    <truncated>0</truncated>
    <occluded>0</occluded>
    <difficult>0</difficult>
    <bndbox>
      <xmin>448.33</xmin>
      <ymin>326.56</ymin>
      <xmax>546.3</xmax>
      <ymax>369.46</ymax>
    </bndbox>
  </object>
  <object>
    <name>beer</name>
    <truncated>0</truncated>
    <occluded>0</occluded>
    <difficult>0</difficult>
    <bndbox>
      <xmin>217.36</xmin>
      <ymin>290.09</ymin>
      <xmax>308.18</xmax>
      <ymax>353.01</ymax>
    </bndbox>
  </object>
  <object>
    <name>beer</name>
    <truncated>0</truncated>
    <occluded>0</occluded>
    <difficult>0</difficult>
    <bndbox>
      <xmin>127.98</xmin>
      <ymin>287.23</ymin>
      <xmax>218.79</xmax>
      <ymax>354.44</ymax>
    </bndbox>
  </object>
  <object>
    <name>beer</name>
    <truncated>0</truncated>
    <occluded>0</occluded>
    <difficult>0</difficult>
    <bndbox>
      <xmin>84.36</xmin>
      <ymin>0.0</ymin>
      <xmax>163.73</xmax>
      <ymax>39.81</ymax>
    </bndbox>
  </object>
</annotation>
