<annotation>
  <folder>frame</folder>
  <filename>frame_000304.PNG</filename>
  <source>
    <database>Unknown</database>
    <annotation>Unknown</annotation>
    <image>Unknown</image>
  </source>
  <size>
    <width>640</width>
    <height>480</height>
    <depth></depth>
  </size>
  <segmented>0</segmented>
  <object>
    <name>beer</name>
    <truncated>0</truncated>
    <occluded>0</occluded>
    <difficult>0</difficult>
    <bndbox>
      <xmin>245.25</xmin>
      <ymin>288.66</ymin>
      <xmax>333.21</xmax>
      <ymax>360.17</ymax>
    </bndbox>
  </object>
  <object>
    <name>beer</name>
    <truncated>0</truncated>
    <occluded>0</occluded>
    <difficult>0</difficult>
    <bndbox>
      <xmin>442.61</xmin>
      <ymin>324.41</ymin>
      <xmax>548.45</xmax>
      <ymax>370.18</ymax>
    </bndbox>
  </object>
  <object>
    <name>beer</name>
    <truncated>0</truncated>
    <occluded>0</occluded>
    <difficult>0</difficult>
    <bndbox>
      <xmin>129.41</xmin>
      <ymin>285.8</ymin>
      <xmax>223.8</xmax>
      <ymax>352.3</ymax>
    </bndbox>
  </object>
  <object>
    <name>beer</name>
    <truncated>0</truncated>
    <occluded>0</occluded>
    <difficult>0</difficult>
    <bndbox>
      <xmin>248.11</xmin>
      <ymin>57.68</ymin>
      <xmax>335.35</xmax>
      <ymax>141.35</ymax>
    </bndbox>
  </object>
  <object>
    <name>cola</name>
    <truncated>0</truncated>
    <occluded>0</occluded>
    <difficult>0</difficult>
    <bndbox>
      <xmin>89.36</xmin>
      <ymin>0.0</ymin>
      <xmax>167.31</xmax>
      <ymax>39.09</ymax>
    </bndbox>
  </object>
</annotation>
