<annotation>
  <folder>frame</folder>
  <filename>frame_000387.PNG</filename>
  <source>
    <database>Unknown</database>
    <annotation>Unknown</annotation>
    <image>Unknown</image>
  </source>
  <size>
    <width>640</width>
    <height>480</height>
    <depth></depth>
  </size>
  <segmented>0</segmented>
  <object>
    <name>beer</name>
    <truncated>0</truncated>
    <occluded>0</occluded>
    <difficult>0</difficult>
    <bndbox>
      <xmin>461.21</xmin>
      <ymin>295.09</ymin>
      <xmax>560.6</xmax>
      <ymax>350.87</ymax>
    </bndbox>
  </object>
  <object>
    <name>beer</name>
    <truncated>0</truncated>
    <occluded>0</occluded>
    <difficult>0</difficult>
    <bndbox>
      <xmin>218.08</xmin>
      <ymin>295.81</ymin>
      <xmax>311.75</xmax>
      <ymax>352.3</ymax>
    </bndbox>
  </object>
  <object>
    <name>beer</name>
    <truncated>0</truncated>
    <occluded>0</occluded>
    <difficult>0</difficult>
    <bndbox>
      <xmin>132.27</xmin>
      <ymin>287.23</ymin>
      <xmax>217.36</xmax>
      <ymax>353.01</ymax>
    </bndbox>
  </object>
  <object>
    <name>beer</name>
    <truncated>0</truncated>
    <occluded>0</occluded>
    <difficult>0</difficult>
    <bndbox>
      <xmin>255.98</xmin>
      <ymin>49.82</ymin>
      <xmax>342.5</xmax>
      <ymax>142.06</ymax>
    </bndbox>
  </object>
  <object>
    <name>cola</name>
    <truncated>0</truncated>
    <occluded>0</occluded>
    <difficult>0</difficult>
    <bndbox>
      <xmin>86.5</xmin>
      <ymin>0.0</ymin>
      <xmax>168.02</xmax>
      <ymax>38.38</ymax>
    </bndbox>
  </object>
</annotation>
