<annotation>
  <folder>frame</folder>
  <filename>frame_000307.PNG</filename>
  <source>
    <database>Unknown</database>
    <annotation>Unknown</annotation>
    <image>Unknown</image>
  </source>
  <size>
    <width>640</width>
    <height>480</height>
    <depth></depth>
  </size>
  <segmented>0</segmented>
  <object>
    <name>beer</name>
    <truncated>0</truncated>
    <occluded>0</occluded>
    <difficult>0</difficult>
    <bndbox>
      <xmin>226.66</xmin>
      <ymin>288.66</ymin>
      <xmax>309.61</xmax>
      <ymax>353.73</ymax>
    </bndbox>
  </object>
  <object>
    <name>beer</name>
    <truncated>0</truncated>
    <occluded>0</occluded>
    <difficult>0</difficult>
    <bndbox>
      <xmin>133.7</xmin>
      <ymin>285.8</ymin>
      <xmax>227.37</xmax>
      <ymax>352.3</ymax>
    </bndbox>
  </object>
  <object>
    <name>beer</name>
    <truncated>0</truncated>
    <occluded>0</occluded>
    <difficult>0</difficult>
    <bndbox>
      <xmin>449.76</xmin>
      <ymin>325.84</ymin>
      <xmax>547.02</xmax>
      <ymax>372.32</ymax>
    </bndbox>
  </object>
  <object>
    <name>beer</name>
    <truncated>0</truncated>
    <occluded>0</occluded>
    <difficult>0</difficult>
    <bndbox>
      <xmin>256.69</xmin>
      <ymin>54.11</ymin>
      <xmax>338.93</xmax>
      <ymax>137.77</ymax>
    </bndbox>
  </object>
  <object>
    <name>cola</name>
    <truncated>0</truncated>
    <occluded>0</occluded>
    <difficult>0</difficult>
    <bndbox>
      <xmin>82.93</xmin>
      <ymin>0.0</ymin>
      <xmax>170.17</xmax>
      <ymax>38.38</ymax>
    </bndbox>
  </object>
</annotation>
