<annotation>
  <folder>frame</folder>
  <filename>frame_000342.PNG</filename>
  <source>
    <database>Unknown</database>
    <annotation>Unknown</annotation>
    <image>Unknown</image>
  </source>
  <size>
    <width>640</width>
    <height>480</height>
    <depth></depth>
  </size>
  <segmented>0</segmented>
  <object>
    <name>beer</name>
    <truncated>0</truncated>
    <occluded>0</occluded>
    <difficult>0</difficult>
    <bndbox>
      <xmin>256.69</xmin>
      <ymin>49.1</ymin>
      <xmax>348.22</xmax>
      <ymax>135.63</ymax>
    </bndbox>
  </object>
  <object>
    <name>beer</name>
    <truncated>0</truncated>
    <occluded>0</occluded>
    <difficult>0</difficult>
    <bndbox>
      <xmin>216.65</xmin>
      <ymin>280.79</ymin>
      <xmax>306.75</xmax>
      <ymax>355.88</ymax>
    </bndbox>
  </object>
  <object>
    <name>beer</name>
    <truncated>0</truncated>
    <occluded>0</occluded>
    <difficult>0</difficult>
    <bndbox>
      <xmin>129.41</xmin>
      <ymin>284.37</ymin>
      <xmax>220.22</xmax>
      <ymax>353.73</ymax>
    </bndbox>
  </object>
  <object>
    <name>cola</name>
    <truncated>0</truncated>
    <occluded>0</occluded>
    <difficult>0</difficult>
    <bndbox>
      <xmin>77.92</xmin>
      <ymin>0.0</ymin>
      <xmax>164.45</xmax>
      <ymax>43.38</ymax>
    </bndbox>
  </object>
</annotation>
