<annotation>
  <folder>frame</folder>
  <filename>frame_000362.PNG</filename>
  <source>
    <database>Unknown</database>
    <annotation>Unknown</annotation>
    <image>Unknown</image>
  </source>
  <size>
    <width>640</width>
    <height>480</height>
    <depth></depth>
  </size>
  <segmented>0</segmented>
  <object>
    <name>beer</name>
    <truncated>0</truncated>
    <occluded>0</occluded>
    <difficult>0</difficult>
    <bndbox>
      <xmin>260.27</xmin>
      <ymin>54.11</ymin>
      <xmax>342.5</xmax>
      <ymax>138.49</ymax>
    </bndbox>
  </object>
  <object>
    <name>beer</name>
    <truncated>0</truncated>
    <occluded>0</occluded>
    <difficult>0</difficult>
    <bndbox>
      <xmin>131.55</xmin>
      <ymin>283.65</ymin>
      <xmax>220.22</xmax>
      <ymax>353.01</ymax>
    </bndbox>
  </object>
  <object>
    <name>beer</name>
    <truncated>0</truncated>
    <occluded>0</occluded>
    <difficult>0</difficult>
    <bndbox>
      <xmin>219.51</xmin>
      <ymin>290.8</ymin>
      <xmax>306.03</xmax>
      <ymax>358.02</ymax>
    </bndbox>
  </object>
  <object>
    <name>beer</name>
    <truncated>0</truncated>
    <occluded>0</occluded>
    <difficult>0</difficult>
    <bndbox>
      <xmin>549.16</xmin>
      <ymin>328.7</ymin>
      <xmax>640.0</xmax>
      <ymax>377.33</ymax>
    </bndbox>
  </object>
  <object>
    <name>cola</name>
    <truncated>0</truncated>
    <occluded>0</occluded>
    <difficult>0</difficult>
    <bndbox>
      <xmin>87.22</xmin>
      <ymin>0.0</ymin>
      <xmax>165.16</xmax>
      <ymax>43.38</ymax>
    </bndbox>
  </object>
</annotation>
