<annotation>
  <folder>frame</folder>
  <filename>frame_000309.PNG</filename>
  <source>
    <database>Unknown</database>
    <annotation>Unknown</annotation>
    <image>Unknown</image>
  </source>
  <size>
    <width>640</width>
    <height>480</height>
    <depth></depth>
  </size>
  <segmented>0</segmented>
  <object>
    <name>beer</name>
    <truncated>0</truncated>
    <occluded>0</occluded>
    <difficult>0</difficult>
    <bndbox>
      <xmin>259.55</xmin>
      <ymin>53.39</ymin>
      <xmax>340.36</xmax>
      <ymax>134.91</ymax>
    </bndbox>
  </object>
  <object>
    <name>beer</name>
    <truncated>0</truncated>
    <occluded>0</occluded>
    <difficult>0</difficult>
    <bndbox>
      <xmin>129.41</xmin>
      <ymin>282.22</ymin>
      <xmax>217.36</xmax>
      <ymax>353.01</ymax>
    </bndbox>
  </object>
  <object>
    <name>beer</name>
    <truncated>0</truncated>
    <occluded>0</occluded>
    <difficult>0</difficult>
    <bndbox>
      <xmin>218.79</xmin>
      <ymin>289.37</ymin>
      <xmax>307.46</xmax>
      <ymax>351.58</ymax>
    </bndbox>
  </object>
  <object>
    <name>beer</name>
    <truncated>0</truncated>
    <occluded>0</occluded>
    <difficult>0</difficult>
    <bndbox>
      <xmin>444.76</xmin>
      <ymin>322.98</ymin>
      <xmax>542.73</xmax>
      <ymax>369.46</ymax>
    </bndbox>
  </object>
  <object>
    <name>cola</name>
    <truncated>0</truncated>
    <occluded>0</occluded>
    <difficult>0</difficult>
    <bndbox>
      <xmin>82.93</xmin>
      <ymin>0.0</ymin>
      <xmax>165.88</xmax>
      <ymax>43.38</ymax>
    </bndbox>
  </object>
</annotation>
