<annotation>
  <folder>frame</folder>
  <filename>frame_000339.PNG</filename>
  <source>
    <database>Unknown</database>
    <annotation>Unknown</annotation>
    <image>Unknown</image>
  </source>
  <size>
    <width>640</width>
    <height>480</height>
    <depth></depth>
  </size>
  <segmented>0</segmented>
  <object>
    <name>beer</name>
    <truncated>0</truncated>
    <occluded>0</occluded>
    <difficult>0</difficult>
    <bndbox>
      <xmin>260.98</xmin>
      <ymin>49.1</ymin>
      <xmax>348.22</xmax>
      <ymax>134.91</ymax>
    </bndbox>
  </object>
  <object>
    <name>beer</name>
    <truncated>0</truncated>
    <occluded>0</occluded>
    <difficult>0</difficult>
    <bndbox>
      <xmin>219.51</xmin>
      <ymin>300.1</ymin>
      <xmax>310.32</xmax>
      <ymax>353.01</ymax>
    </bndbox>
  </object>
  <object>
    <name>beer</name>
    <truncated>0</truncated>
    <occluded>0</occluded>
    <difficult>0</difficult>
    <bndbox>
      <xmin>128.69</xmin>
      <ymin>283.65</ymin>
      <xmax>220.22</xmax>
      <ymax>351.58</ymax>
    </bndbox>
  </object>
  <object>
    <name>cola</name>
    <truncated>0</truncated>
    <occluded>0</occluded>
    <difficult>0</difficult>
    <bndbox>
      <xmin>84.36</xmin>
      <ymin>0.0</ymin>
      <xmax>163.73</xmax>
      <ymax>39.09</ymax>
    </bndbox>
  </object>
</annotation>
