<annotation>
  <folder>frame</folder>
  <filename>frame_000300.PNG</filename>
  <source>
    <database>Unknown</database>
    <annotation>Unknown</annotation>
    <image>Unknown</image>
  </source>
  <size>
    <width>640</width>
    <height>480</height>
    <depth></depth>
  </size>
  <segmented>0</segmented>
  <object>
    <name>beer</name>
    <truncated>0</truncated>
    <occluded>0</occluded>
    <difficult>0</difficult>
    <bndbox>
      <xmin>247.41</xmin>
      <ymin>64.78</ymin>
      <xmax>330.36</xmax>
      <ymax>142.72</ymax>
    </bndbox>
  </object>
  <object>
    <name>beer</name>
    <truncated>0</truncated>
    <occluded>0</occluded>
    <difficult>0</difficult>
    <bndbox>
      <xmin>132.28</xmin>
      <ymin>288.6</ymin>
      <xmax>223.81</xmax>
      <ymax>355.81</ymax>
    </bndbox>
  </object>
  <object>
    <name>beer</name>
    <truncated>0</truncated>
    <occluded>0</occluded>
    <difficult>0</difficult>
    <bndbox>
      <xmin>298.18</xmin>
      <ymin>288.6</ymin>
      <xmax>393.29</xmax>
      <ymax>364.4</ymax>
    </bndbox>
  </object>
  <object>
    <name>beer</name>
    <truncated>0</truncated>
    <occluded>0</occluded>
    <difficult>0</difficult>
    <bndbox>
      <xmin>449.06</xmin>
      <ymin>325.78</ymin>
      <xmax>546.31</xmax>
      <ymax>370.12</ymax>
    </bndbox>
  </object>
  <object>
    <name>cola</name>
    <truncated>0</truncated>
    <occluded>0</occluded>
    <difficult>0</difficult>
    <bndbox>
      <xmin>92.23</xmin>
      <ymin>1.13</ymin>
      <xmax>170.89</xmax>
      <ymax>35.46</ymax>
    </bndbox>
  </object>
</annotation>
