<annotation>
  <folder>frame</folder>
  <filename>frame_000305.PNG</filename>
  <source>
    <database>Unknown</database>
    <annotation>Unknown</annotation>
    <image>Unknown</image>
  </source>
  <size>
    <width>640</width>
    <height>480</height>
    <depth></depth>
  </size>
  <segmented>0</segmented>
  <object>
    <name>beer</name>
    <truncated>0</truncated>
    <occluded>0</occluded>
    <difficult>0</difficult>
    <bndbox>
      <xmin>236.67</xmin>
      <ymin>286.51</ymin>
      <xmax>326.06</xmax>
      <ymax>355.16</ymax>
    </bndbox>
  </object>
  <object>
    <name>beer</name>
    <truncated>0</truncated>
    <occluded>0</occluded>
    <difficult>0</difficult>
    <bndbox>
      <xmin>127.98</xmin>
      <ymin>287.94</ymin>
      <xmax>223.08</xmax>
      <ymax>353.73</ymax>
    </bndbox>
  </object>
  <object>
    <name>beer</name>
    <truncated>0</truncated>
    <occluded>0</occluded>
    <difficult>0</difficult>
    <bndbox>
      <xmin>446.9</xmin>
      <ymin>325.84</ymin>
      <xmax>551.31</xmax>
      <ymax>370.18</ymax>
    </bndbox>
  </object>
  <object>
    <name>beer</name>
    <truncated>0</truncated>
    <occluded>0</occluded>
    <difficult>0</difficult>
    <bndbox>
      <xmin>255.98</xmin>
      <ymin>56.25</ymin>
      <xmax>338.21</xmax>
      <ymax>140.63</ymax>
    </bndbox>
  </object>
  <object>
    <name>cola</name>
    <truncated>0</truncated>
    <occluded>0</occluded>
    <difficult>0</difficult>
    <bndbox>
      <xmin>84.36</xmin>
      <ymin>0.0</ymin>
      <xmax>166.59</xmax>
      <ymax>39.81</ymax>
    </bndbox>
  </object>
</annotation>
