<annotation>
  <folder>frame</folder>
  <filename>frame_000329.PNG</filename>
  <source>
    <database>Unknown</database>
    <annotation>Unknown</annotation>
    <image>Unknown</image>
  </source>
  <size>
    <width>640</width>
    <height>480</height>
    <depth></depth>
  </size>
  <segmented>0</segmented>
  <object>
    <name>beer</name>
    <truncated>0</truncated>
    <occluded>0</occluded>
    <difficult>0</difficult>
    <bndbox>
      <xmin>267.42</xmin>
      <ymin>44.81</ymin>
      <xmax>350.37</xmax>
      <ymax>129.19</ymax>
    </bndbox>
  </object>
  <object>
    <name>beer</name>
    <truncated>0</truncated>
    <occluded>0</occluded>
    <difficult>0</difficult>
    <bndbox>
      <xmin>444.76</xmin>
      <ymin>326.56</ymin>
      <xmax>548.45</xmax>
      <ymax>373.04</ymax>
    </bndbox>
  </object>
  <object>
    <name>beer</name>
    <truncated>0</truncated>
    <occluded>0</occluded>
    <difficult>0</difficult>
    <bndbox>
      <xmin>214.5</xmin>
      <ymin>293.66</ymin>
      <xmax>305.32</xmax>
      <ymax>358.02</ymax>
    </bndbox>
  </object>
  <object>
    <name>beer</name>
    <truncated>0</truncated>
    <occluded>0</occluded>
    <difficult>0</difficult>
    <bndbox>
      <xmin>129.41</xmin>
      <ymin>285.08</ymin>
      <xmax>215.22</xmax>
      <ymax>360.17</ymax>
    </bndbox>
  </object>
  <object>
    <name>cola</name>
    <truncated>0</truncated>
    <occluded>0</occluded>
    <difficult>0</difficult>
    <bndbox>
      <xmin>85.07</xmin>
      <ymin>0.0</ymin>
      <xmax>170.17</xmax>
      <ymax>42.67</ymax>
    </bndbox>
  </object>
</annotation>
