<annotation>
  <folder>frame</folder>
  <filename>frame_000336.PNG</filename>
  <source>
    <database>Unknown</database>
    <annotation>Unknown</annotation>
    <image>Unknown</image>
  </source>
  <size>
    <width>640</width>
    <height>480</height>
    <depth></depth>
  </size>
  <segmented>0</segmented>
  <object>
    <name>beer</name>
    <truncated>0</truncated>
    <occluded>0</occluded>
    <difficult>0</difficult>
    <bndbox>
      <xmin>261.7</xmin>
      <ymin>50.53</ymin>
      <xmax>343.93</xmax>
      <ymax>132.77</ymax>
    </bndbox>
  </object>
  <object>
    <name>beer</name>
    <truncated>0</truncated>
    <occluded>0</occluded>
    <difficult>0</difficult>
    <bndbox>
      <xmin>449.05</xmin>
      <ymin>320.12</ymin>
      <xmax>546.3</xmax>
      <ymax>374.47</ymax>
    </bndbox>
  </object>
  <object>
    <name>beer</name>
    <truncated>0</truncated>
    <occluded>0</occluded>
    <difficult>0</difficult>
    <bndbox>
      <xmin>218.79</xmin>
      <ymin>294.38</ymin>
      <xmax>304.6</xmax>
      <ymax>358.02</ymax>
    </bndbox>
  </object>
  <object>
    <name>beer</name>
    <truncated>0</truncated>
    <occluded>0</occluded>
    <difficult>0</difficult>
    <bndbox>
      <xmin>128.69</xmin>
      <ymin>287.94</ymin>
      <xmax>220.22</xmax>
      <ymax>352.3</ymax>
    </bndbox>
  </object>
  <object>
    <name>cola</name>
    <truncated>0</truncated>
    <occluded>0</occluded>
    <difficult>0</difficult>
    <bndbox>
      <xmin>86.5</xmin>
      <ymin>0.41</ymin>
      <xmax>168.74</xmax>
      <ymax>41.95</ymax>
    </bndbox>
  </object>
</annotation>
