<annotation>
  <folder>frame</folder>
  <filename>frame_000388.PNG</filename>
  <source>
    <database>Unknown</database>
    <annotation>Unknown</annotation>
    <image>Unknown</image>
  </source>
  <size>
    <width>640</width>
    <height>480</height>
    <depth></depth>
  </size>
  <segmented>0</segmented>
  <object>
    <name>beer</name>
    <truncated>0</truncated>
    <occluded>0</occluded>
    <difficult>0</difficult>
    <bndbox>
      <xmin>424.02</xmin>
      <ymin>284.37</ymin>
      <xmax>529.14</xmax>
      <ymax>338.0</ymax>
    </bndbox>
  </object>
  <object>
    <name>beer</name>
    <truncated>0</truncated>
    <occluded>0</occluded>
    <difficult>0</difficult>
    <bndbox>
      <xmin>218.08</xmin>
      <ymin>294.38</ymin>
      <xmax>306.75</xmax>
      <ymax>355.16</ymax>
    </bndbox>
  </object>
  <object>
    <name>beer</name>
    <truncated>0</truncated>
    <occluded>0</occluded>
    <difficult>0</difficult>
    <bndbox>
      <xmin>130.84</xmin>
      <ymin>284.37</ymin>
      <xmax>218.08</xmax>
      <ymax>347.29</ymax>
    </bndbox>
  </object>
  <object>
    <name>beer</name>
    <truncated>0</truncated>
    <occluded>0</occluded>
    <difficult>0</difficult>
    <bndbox>
      <xmin>258.84</xmin>
      <ymin>51.25</ymin>
      <xmax>341.79</xmax>
      <ymax>138.49</ymax>
    </bndbox>
  </object>
  <object>
    <name>cola</name>
    <truncated>0</truncated>
    <occluded>0</occluded>
    <difficult>0</difficult>
    <bndbox>
      <xmin>83.64</xmin>
      <ymin>0.0</ymin>
      <xmax>165.88</xmax>
      <ymax>43.38</ymax>
    </bndbox>
  </object>
</annotation>
