<annotation>
  <folder>frame</folder>
  <filename>frame_000301.PNG</filename>
  <source>
    <database>Unknown</database>
    <annotation>Unknown</annotation>
    <image>Unknown</image>
  </source>
  <size>
    <width>640</width>
    <height>480</height>
    <depth></depth>
  </size>
  <segmented>0</segmented>
  <object>
    <name>cola</name>
    <truncated>0</truncated>
    <occluded>0</occluded>
    <difficult>0</difficult>
    <bndbox>
      <xmin>87.93</xmin>
      <ymin>0.0</ymin>
      <xmax>167.31</xmax>
      <ymax>35.52</ymax>
    </bndbox>
  </object>
  <object>
    <name>beer</name>
    <truncated>0</truncated>
    <occluded>0</occluded>
    <difficult>0</difficult>
    <bndbox>
      <xmin>250.97</xmin>
      <ymin>62.69</ymin>
      <xmax>335.35</xmax>
      <ymax>147.07</ymax>
    </bndbox>
  </object>
  <object>
    <name>beer</name>
    <truncated>0</truncated>
    <occluded>0</occluded>
    <difficult>0</difficult>
    <bndbox>
      <xmin>130.84</xmin>
      <ymin>292.23</ymin>
      <xmax>223.8</xmax>
      <ymax>355.88</ymax>
    </bndbox>
  </object>
  <object>
    <name>beer</name>
    <truncated>0</truncated>
    <occluded>0</occluded>
    <difficult>0</difficult>
    <bndbox>
      <xmin>283.15</xmin>
      <ymin>285.08</ymin>
      <xmax>373.97</xmax>
      <ymax>364.46</ymax>
    </bndbox>
  </object>
  <object>
    <name>beer</name>
    <truncated>0</truncated>
    <occluded>0</occluded>
    <difficult>0</difficult>
    <bndbox>
      <xmin>446.9</xmin>
      <ymin>325.13</ymin>
      <xmax>547.02</xmax>
      <ymax>369.46</ymax>
    </bndbox>
  </object>
</annotation>
