<annotation>
  <folder>frame</folder>
  <filename>frame_000327.PNG</filename>
  <source>
    <database>Unknown</database>
    <annotation>Unknown</annotation>
    <image>Unknown</image>
  </source>
  <size>
    <width>640</width>
    <height>480</height>
    <depth></depth>
  </size>
  <segmented>0</segmented>
  <object>
    <name>beer</name>
    <truncated>0</truncated>
    <occluded>0</occluded>
    <difficult>0</difficult>
    <bndbox>
      <xmin>218.08</xmin>
      <ymin>291.52</ymin>
      <xmax>308.89</xmax>
      <ymax>355.16</ymax>
    </bndbox>
  </object>
  <object>
    <name>beer</name>
    <truncated>0</truncated>
    <occluded>0</occluded>
    <difficult>0</difficult>
    <bndbox>
      <xmin>128.69</xmin>
      <ymin>289.37</ymin>
      <xmax>220.22</xmax>
      <ymax>353.73</ymax>
    </bndbox>
  </object>
  <object>
    <name>beer</name>
    <truncated>0</truncated>
    <occluded>0</occluded>
    <difficult>0</difficult>
    <bndbox>
      <xmin>446.9</xmin>
      <ymin>322.27</ymin>
      <xmax>544.87</xmax>
      <ymax>368.75</ymax>
    </bndbox>
  </object>
  <object>
    <name>beer</name>
    <truncated>0</truncated>
    <occluded>0</occluded>
    <difficult>0</difficult>
    <bndbox>
      <xmin>266.7</xmin>
      <ymin>41.95</ymin>
      <xmax>351.8</xmax>
      <ymax>129.91</ymax>
    </bndbox>
  </object>
  <object>
    <name>cola</name>
    <truncated>0</truncated>
    <occluded>0</occluded>
    <difficult>0</difficult>
    <bndbox>
      <xmin>85.07</xmin>
      <ymin>0.0</ymin>
      <xmax>165.88</xmax>
      <ymax>42.67</ymax>
    </bndbox>
  </object>
</annotation>
