<annotation>
  <folder>frame</folder>
  <filename>frame_000306.PNG</filename>
  <source>
    <database>Unknown</database>
    <annotation>Unknown</annotation>
    <image>Unknown</image>
  </source>
  <size>
    <width>640</width>
    <height>480</height>
    <depth></depth>
  </size>
  <segmented>0</segmented>
  <object>
    <name>beer</name>
    <truncated>0</truncated>
    <occluded>0</occluded>
    <difficult>0</difficult>
    <bndbox>
      <xmin>444.76</xmin>
      <ymin>325.84</ymin>
      <xmax>549.88</xmax>
      <ymax>368.75</ymax>
    </bndbox>
  </object>
  <object>
    <name>cola</name>
    <truncated>0</truncated>
    <occluded>0</occluded>
    <difficult>0</difficult>
    <bndbox>
      <xmin>81.5</xmin>
      <ymin>0.0</ymin>
      <xmax>166.59</xmax>
      <ymax>39.81</ymax>
    </bndbox>
  </object>
  <object>
    <name>beer</name>
    <truncated>0</truncated>
    <occluded>0</occluded>
    <difficult>0</difficult>
    <bndbox>
      <xmin>256.69</xmin>
      <ymin>58.4</ymin>
      <xmax>339.64</xmax>
      <ymax>138.49</ymax>
    </bndbox>
  </object>
  <object>
    <name>beer</name>
    <truncated>0</truncated>
    <occluded>0</occluded>
    <difficult>0</difficult>
    <bndbox>
      <xmin>225.94</xmin>
      <ymin>287.94</ymin>
      <xmax>316.04</xmax>
      <ymax>354.44</ymax>
    </bndbox>
  </object>
  <object>
    <name>beer</name>
    <truncated>0</truncated>
    <occluded>0</occluded>
    <difficult>0</difficult>
    <bndbox>
      <xmin>130.12</xmin>
      <ymin>285.08</ymin>
      <xmax>225.23</xmax>
      <ymax>350.87</ymax>
    </bndbox>
  </object>
</annotation>
