<annotation>
  <folder>frame</folder>
  <filename>frame_000165.PNG</filename>
  <source>
    <database>Unknown</database>
    <annotation>Unknown</annotation>
    <image>Unknown</image>
  </source>
  <size>
    <width>640</width>
    <height>480</height>
    <depth></depth>
  </size>
  <segmented>0</segmented>
  <object>
    <name>beer</name>
    <truncated>0</truncated>
    <occluded>0</occluded>
    <difficult>0</difficult>
    <bndbox>
      <xmin>392.83</xmin>
      <ymin>234.42</ymin>
      <xmax>445.9</xmax>
      <ymax>324.79</ymax>
    </bndbox>
  </object>
</annotation>
