<annotation>
  <folder>frame</folder>
  <filename>frame_001580.PNG</filename>
  <source>
    <database>Unknown</database>
    <annotation>Unknown</annotation>
    <image>Unknown</image>
  </source>
  <size>
    <width>640</width>
    <height>480</height>
    <depth></depth>
  </size>
  <segmented>0</segmented>
  <object>
    <name>beer</name>
    <truncated>0</truncated>
    <occluded>0</occluded>
    <difficult>0</difficult>
    <bndbox>
      <xmin>195.34</xmin>
      <ymin>296.25</ymin>
      <xmax>285.21</xmax>
      <ymax>363.56</ymax>
    </bndbox>
  </object>
  <object>
    <name>beer</name>
    <truncated>0</truncated>
    <occluded>0</occluded>
    <difficult>0</difficult>
    <bndbox>
      <xmin>132.97</xmin>
      <ymin>13.76</ymin>
      <xmax>202.48</xmax>
      <ymax>100.99</ymax>
    </bndbox>
  </object>
</annotation>
