<annotation>
  <folder>frame</folder>
  <filename>frame_000843.PNG</filename>
  <source>
    <database>Unknown</database>
    <annotation>Unknown</annotation>
    <image>Unknown</image>
  </source>
  <size>
    <width>640</width>
    <height>480</height>
    <depth></depth>
  </size>
  <segmented>0</segmented>
  <object>
    <name>beer</name>
    <truncated>0</truncated>
    <occluded>0</occluded>
    <difficult>0</difficult>
    <bndbox>
      <xmin>193.49</xmin>
      <ymin>268.78</ymin>
      <xmax>259.12</xmax>
      <ymax>361.66</ymax>
    </bndbox>
  </object>
  <object>
    <name>beer</name>
    <truncated>0</truncated>
    <occluded>0</occluded>
    <difficult>0</difficult>
    <bndbox>
      <xmin>337.76</xmin>
      <ymin>283.02</ymin>
      <xmax>425.06</xmax>
      <ymax>364.14</ymax>
    </bndbox>
  </object>
  <object>
    <name>cola</name>
    <truncated>0</truncated>
    <occluded>0</occluded>
    <difficult>0</difficult>
    <bndbox>
      <xmin>259.74</xmin>
      <ymin>78.7</ymin>
      <xmax>337.14</xmax>
      <ymax>153.62</ymax>
    </bndbox>
  </object>
</annotation>
