<annotation>
  <folder>frame</folder>
  <filename>frame_000964.PNG</filename>
  <source>
    <database>Unknown</database>
    <annotation>Unknown</annotation>
    <image>Unknown</image>
  </source>
  <size>
    <width>640</width>
    <height>480</height>
    <depth></depth>
  </size>
  <segmented>0</segmented>
  <object>
    <name>beer</name>
    <truncated>0</truncated>
    <occluded>0</occluded>
    <difficult>0</difficult>
    <bndbox>
      <xmin>195.16</xmin>
      <ymin>269.63</ymin>
      <xmax>258.46</xmax>
      <ymax>362.2</ymax>
    </bndbox>
  </object>
  <object>
    <name>beer</name>
    <truncated>0</truncated>
    <occluded>0</occluded>
    <difficult>0</difficult>
    <bndbox>
      <xmin>259.66</xmin>
      <ymin>306.66</ymin>
      <xmax>345.06</xmax>
      <ymax>362.2</ymax>
    </bndbox>
  </object>
</annotation>
