<annotation>
  <folder>frame</folder>
  <filename>frame_000986.PNG</filename>
  <source>
    <database>Unknown</database>
    <annotation>Unknown</annotation>
    <image>Unknown</image>
  </source>
  <size>
    <width>640</width>
    <height>480</height>
    <depth></depth>
  </size>
  <segmented>0</segmented>
  <object>
    <name>beer</name>
    <truncated>0</truncated>
    <occluded>0</occluded>
    <difficult>0</difficult>
    <bndbox>
      <xmin>260.22</xmin>
      <ymin>305.47</ymin>
      <xmax>343.81</xmax>
      <ymax>362.74</ymax>
    </bndbox>
  </object>
  <object>
    <name>beer</name>
    <truncated>0</truncated>
    <occluded>0</occluded>
    <difficult>0</difficult>
    <bndbox>
      <xmin>125.09</xmin>
      <ymin>315.8</ymin>
      <xmax>187.4</xmax>
      <ymax>365.39</ymax>
    </bndbox>
  </object>
  <object>
    <name>cola</name>
    <truncated>0</truncated>
    <occluded>0</occluded>
    <difficult>0</difficult>
    <bndbox>
      <xmin>568.45</xmin>
      <ymin>187.07</ymin>
      <xmax>629.44</xmax>
      <ymax>274.2</ymax>
    </bndbox>
  </object>
</annotation>
