<annotation>
  <folder>frame</folder>
  <filename>frame_000997.PNG</filename>
  <source>
    <database>Unknown</database>
    <annotation>Unknown</annotation>
    <image>Unknown</image>
  </source>
  <size>
    <width>640</width>
    <height>480</height>
    <depth></depth>
  </size>
  <segmented>0</segmented>
  <object>
    <name>cola</name>
    <truncated>0</truncated>
    <occluded>0</occluded>
    <difficult>0</difficult>
    <bndbox>
      <xmin>576.38</xmin>
      <ymin>183.9</ymin>
      <xmax>626.28</xmax>
      <ymax>267.07</ymax>
    </bndbox>
  </object>
  <object>
    <name>beer</name>
    <truncated>0</truncated>
    <occluded>0</occluded>
    <difficult>0</difficult>
    <bndbox>
      <xmin>255.58</xmin>
      <ymin>305.09</ymin>
      <xmax>347.46</xmax>
      <ymax>362.12</ymax>
    </bndbox>
  </object>
</annotation>
