<annotation>
  <folder>frame</folder>
  <filename>frame_000834.PNG</filename>
  <source>
    <database>Unknown</database>
    <annotation>Unknown</annotation>
    <image>Unknown</image>
  </source>
  <size>
    <width>640</width>
    <height>480</height>
    <depth></depth>
  </size>
  <segmented>0</segmented>
  <object>
    <name>beer</name>
    <truncated>0</truncated>
    <occluded>0</occluded>
    <difficult>0</difficult>
    <bndbox>
      <xmin>195.97</xmin>
      <ymin>270.02</ymin>
      <xmax>259.12</xmax>
      <ymax>357.94</ymax>
    </bndbox>
  </object>
  <object>
    <name>beer</name>
    <truncated>0</truncated>
    <occluded>0</occluded>
    <difficult>0</difficult>
    <bndbox>
      <xmin>495.03</xmin>
      <ymin>235.97</ymin>
      <xmax>565.0</xmax>
      <ymax>324.51</ymax>
    </bndbox>
  </object>
  <object>
    <name>cola</name>
    <truncated>0</truncated>
    <occluded>0</occluded>
    <difficult>0</difficult>
    <bndbox>
      <xmin>448.82</xmin>
      <ymin>103.12</ymin>
      <xmax>523.21</xmax>
      <ymax>183.53</ymax>
    </bndbox>
  </object>
</annotation>
