<annotation>
  <folder>frame</folder>
  <filename>frame_000919.PNG</filename>
  <source>
    <database>Unknown</database>
    <annotation>Unknown</annotation>
    <image>Unknown</image>
  </source>
  <size>
    <width>640</width>
    <height>480</height>
    <depth></depth>
  </size>
  <segmented>0</segmented>
  <object>
    <name>beer</name>
    <truncated>0</truncated>
    <occluded>0</occluded>
    <difficult>0</difficult>
    <bndbox>
      <xmin>259.99</xmin>
      <ymin>306.87</ymin>
      <xmax>344.19</xmax>
      <ymax>362.4</ymax>
    </bndbox>
  </object>
  <object>
    <name>beer</name>
    <truncated>0</truncated>
    <occluded>0</occluded>
    <difficult>0</difficult>
    <bndbox>
      <xmin>193.7</xmin>
      <ymin>269.84</ymin>
      <xmax>258.79</xmax>
      <ymax>363.0</ymax>
    </bndbox>
  </object>
</annotation>
