<annotation>
  <folder>frame</folder>
  <filename>frame_000940.PNG</filename>
  <source>
    <database>Unknown</database>
    <annotation>Unknown</annotation>
    <image>Unknown</image>
  </source>
  <size>
    <width>640</width>
    <height>480</height>
    <depth></depth>
  </size>
  <segmented>0</segmented>
  <object>
    <name>beer</name>
    <truncated>0</truncated>
    <occluded>0</occluded>
    <difficult>0</difficult>
    <bndbox>
      <xmin>259.63</xmin>
      <ymin>305.47</ymin>
      <xmax>345.67</xmax>
      <ymax>363.95</ymax>
    </bndbox>
  </object>
  <object>
    <name>beer</name>
    <truncated>0</truncated>
    <occluded>0</occluded>
    <difficult>0</difficult>
    <bndbox>
      <xmin>196.04</xmin>
      <ymin>269.78</ymin>
      <xmax>257.53</xmax>
      <ymax>363.95</ymax>
    </bndbox>
  </object>
</annotation>
