<annotation>
  <folder>frame</folder>
  <filename>frame_000833.PNG</filename>
  <source>
    <database>Unknown</database>
    <annotation>Unknown</annotation>
    <image>Unknown</image>
  </source>
  <size>
    <width>640</width>
    <height>480</height>
    <depth></depth>
  </size>
  <segmented>0</segmented>
  <object>
    <name>cola</name>
    <truncated>0</truncated>
    <occluded>0</occluded>
    <difficult>0</difficult>
    <bndbox>
      <xmin>476.68</xmin>
      <ymin>100.94</ymin>
      <xmax>548.18</xmax>
      <ymax>179.1</ymax>
    </bndbox>
  </object>
  <object>
    <name>beer</name>
    <truncated>0</truncated>
    <occluded>0</occluded>
    <difficult>0</difficult>
    <bndbox>
      <xmin>510.78</xmin>
      <ymin>234.65</ymin>
      <xmax>585.59</xmax>
      <ymax>318.81</ymax>
    </bndbox>
  </object>
  <object>
    <name>beer</name>
    <truncated>0</truncated>
    <occluded>0</occluded>
    <difficult>0</difficult>
    <bndbox>
      <xmin>195.05</xmin>
      <ymin>269.86</ymin>
      <xmax>259.96</xmax>
      <ymax>362.27</ymax>
    </bndbox>
  </object>
</annotation>
