<annotation>
  <folder>frame</folder>
  <filename>frame_000890.PNG</filename>
  <source>
    <database>Unknown</database>
    <annotation>Unknown</annotation>
    <image>Unknown</image>
  </source>
  <size>
    <width>640</width>
    <height>480</height>
    <depth></depth>
  </size>
  <segmented>0</segmented>
  <object>
    <name>beer</name>
    <truncated>0</truncated>
    <occluded>0</occluded>
    <difficult>0</difficult>
    <bndbox>
      <xmin>260.4</xmin>
      <ymin>309.31</ymin>
      <xmax>343.74</xmax>
      <ymax>363.96</ymax>
    </bndbox>
  </object>
  <object>
    <name>beer</name>
    <truncated>0</truncated>
    <occluded>0</occluded>
    <difficult>0</difficult>
    <bndbox>
      <xmin>194.59</xmin>
      <ymin>268.64</ymin>
      <xmax>258.28</xmax>
      <ymax>362.74</ymax>
    </bndbox>
  </object>
</annotation>
