<annotation>
  <folder>frame</folder>
  <filename>frame_000921.PNG</filename>
  <source>
    <database>Unknown</database>
    <annotation>Unknown</annotation>
    <image>Unknown</image>
  </source>
  <size>
    <width>640</width>
    <height>480</height>
    <depth></depth>
  </size>
  <segmented>0</segmented>
  <object>
    <name>beer</name>
    <truncated>0</truncated>
    <occluded>0</occluded>
    <difficult>0</difficult>
    <bndbox>
      <xmin>260.02</xmin>
      <ymin>307.06</ymin>
      <xmax>345.59</xmax>
      <ymax>360.81</ymax>
    </bndbox>
  </object>
  <object>
    <name>beer</name>
    <truncated>0</truncated>
    <occluded>0</occluded>
    <difficult>0</difficult>
    <bndbox>
      <xmin>194.23</xmin>
      <ymin>271.37</ymin>
      <xmax>257.87</xmax>
      <ymax>360.81</ymax>
    </bndbox>
  </object>
</annotation>
