<annotation>
  <folder>frame</folder>
  <filename>frame_000994.PNG</filename>
  <source>
    <database>Unknown</database>
    <annotation>Unknown</annotation>
    <image>Unknown</image>
  </source>
  <size>
    <width>640</width>
    <height>480</height>
    <depth></depth>
  </size>
  <segmented>0</segmented>
  <object>
    <name>beer</name>
    <truncated>0</truncated>
    <occluded>0</occluded>
    <difficult>0</difficult>
    <bndbox>
      <xmin>257.96</xmin>
      <ymin>300.34</ymin>
      <xmax>347.46</xmax>
      <ymax>362.91</ymax>
    </bndbox>
  </object>
  <object>
    <name>cola</name>
    <truncated>0</truncated>
    <occluded>0</occluded>
    <difficult>0</difficult>
    <bndbox>
      <xmin>572.42</xmin>
      <ymin>183.11</ymin>
      <xmax>633.41</xmax>
      <ymax>274.99</ymax>
    </bndbox>
  </object>
</annotation>
