<annotation>
  <folder>frame</folder>
  <filename>frame_000939.PNG</filename>
  <source>
    <database>Unknown</database>
    <annotation>Unknown</annotation>
    <image>Unknown</image>
  </source>
  <size>
    <width>640</width>
    <height>480</height>
    <depth></depth>
  </size>
  <segmented>0</segmented>
  <object>
    <name>beer</name>
    <truncated>0</truncated>
    <occluded>0</occluded>
    <difficult>0</difficult>
    <bndbox>
      <xmin>195.41</xmin>
      <ymin>270.8</ymin>
      <xmax>260.42</xmax>
      <ymax>360.06</ymax>
    </bndbox>
  </object>
  <object>
    <name>beer</name>
    <truncated>0</truncated>
    <occluded>0</occluded>
    <difficult>0</difficult>
    <bndbox>
      <xmin>260.42</xmin>
      <ymin>306.91</ymin>
      <xmax>344.01</xmax>
      <ymax>361.09</ymax>
    </bndbox>
  </object>
</annotation>
