<annotation>
  <folder>frame</folder>
  <filename>frame_000753.PNG</filename>
  <source>
    <database>Unknown</database>
    <annotation>Unknown</annotation>
    <image>Unknown</image>
  </source>
  <size>
    <width>640</width>
    <height>480</height>
    <depth></depth>
  </size>
  <segmented>0</segmented>
  <object>
    <name>beer</name>
    <truncated>0</truncated>
    <occluded>0</occluded>
    <difficult>0</difficult>
    <bndbox>
      <xmin>184.0</xmin>
      <ymin>272.3</ymin>
      <xmax>251.46</xmax>
      <ymax>362.61</ymax>
    </bndbox>
  </object>
</annotation>
