<annotation>
  <folder>frame</folder>
  <filename>frame_001011.PNG</filename>
  <source>
    <database>Unknown</database>
    <annotation>Unknown</annotation>
    <image>Unknown</image>
  </source>
  <size>
    <width>640</width>
    <height>480</height>
    <depth></depth>
  </size>
  <segmented>0</segmented>
  <object>
    <name>cola</name>
    <truncated>0</truncated>
    <occluded>0</occluded>
    <difficult>0</difficult>
    <bndbox>
      <xmin>571.37</xmin>
      <ymin>207.67</ymin>
      <xmax>628.96</xmax>
      <ymax>293.74</ymax>
    </bndbox>
  </object>
  <object>
    <name>beer</name>
    <truncated>0</truncated>
    <occluded>0</occluded>
    <difficult>0</difficult>
    <bndbox>
      <xmin>236.4</xmin>
      <ymin>311.7</ymin>
      <xmax>313.18</xmax>
      <ymax>358.75</ymax>
    </bndbox>
  </object>
</annotation>
