<annotation>
  <folder>frame</folder>
  <filename>frame_000858.PNG</filename>
  <source>
    <database>Unknown</database>
    <annotation>Unknown</annotation>
    <image>Unknown</image>
  </source>
  <size>
    <width>640</width>
    <height>480</height>
    <depth></depth>
  </size>
  <segmented>0</segmented>
  <object>
    <name>cola</name>
    <truncated>0</truncated>
    <occluded>0</occluded>
    <difficult>0</difficult>
    <bndbox>
      <xmin>141.04</xmin>
      <ymin>0.83</ymin>
      <xmax>205.54</xmax>
      <ymax>30.5</ymax>
    </bndbox>
  </object>
  <object>
    <name>beer</name>
    <truncated>0</truncated>
    <occluded>0</occluded>
    <difficult>0</difficult>
    <bndbox>
      <xmin>260.27</xmin>
      <ymin>313.0</ymin>
      <xmax>344.89</xmax>
      <ymax>363.57</ymax>
    </bndbox>
  </object>
  <object>
    <name>beer</name>
    <truncated>0</truncated>
    <occluded>0</occluded>
    <difficult>0</difficult>
    <bndbox>
      <xmin>195.26</xmin>
      <ymin>269.14</ymin>
      <xmax>256.14</xmax>
      <ymax>362.54</ymax>
    </bndbox>
  </object>
</annotation>
