<annotation>
  <folder>frame</folder>
  <filename>frame_000861.PNG</filename>
  <source>
    <database>Unknown</database>
    <annotation>Unknown</annotation>
    <image>Unknown</image>
  </source>
  <size>
    <width>640</width>
    <height>480</height>
    <depth></depth>
  </size>
  <segmented>0</segmented>
  <object>
    <name>cola</name>
    <truncated>0</truncated>
    <occluded>0</occluded>
    <difficult>0</difficult>
    <bndbox>
      <xmin>133.79</xmin>
      <ymin>0.0</ymin>
      <xmax>156.37</xmax>
      <ymax>7.27</ymax>
    </bndbox>
  </object>
  <object>
    <name>beer</name>
    <truncated>0</truncated>
    <occluded>0</occluded>
    <difficult>0</difficult>
    <bndbox>
      <xmin>196.32</xmin>
      <ymin>271.13</ymin>
      <xmax>257.95</xmax>
      <ymax>361.43</ymax>
    </bndbox>
  </object>
  <object>
    <name>beer</name>
    <truncated>0</truncated>
    <occluded>0</occluded>
    <difficult>0</difficult>
    <bndbox>
      <xmin>260.81</xmin>
      <ymin>311.98</ymin>
      <xmax>344.66</xmax>
      <ymax>362.86</ymax>
    </bndbox>
  </object>
</annotation>
