<annotation>
  <folder>frame</folder>
  <filename>frame_000976.PNG</filename>
  <source>
    <database>Unknown</database>
    <annotation>Unknown</annotation>
    <image>Unknown</image>
  </source>
  <size>
    <width>640</width>
    <height>480</height>
    <depth></depth>
  </size>
  <segmented>0</segmented>
  <object>
    <name>beer</name>
    <truncated>0</truncated>
    <occluded>0</occluded>
    <difficult>0</difficult>
    <bndbox>
      <xmin>260.22</xmin>
      <ymin>305.47</ymin>
      <xmax>343.81</xmax>
      <ymax>362.74</ymax>
    </bndbox>
  </object>
  <object>
    <name>beer</name>
    <truncated>0</truncated>
    <occluded>0</occluded>
    <difficult>0</difficult>
    <bndbox>
      <xmin>190.04</xmin>
      <ymin>269.87</ymin>
      <xmax>258.67</xmax>
      <ymax>362.23</ymax>
    </bndbox>
  </object>
  <object>
    <name>cola</name>
    <truncated>0</truncated>
    <occluded>0</occluded>
    <difficult>0</difficult>
    <bndbox>
      <xmin>627.07</xmin>
      <ymin>147.46</ymin>
      <xmax>639.74</xmax>
      <ymax>254.4</ymax>
    </bndbox>
  </object>
</annotation>
