<annotation>
  <folder>frame</folder>
  <filename>frame_000998.PNG</filename>
  <source>
    <database>Unknown</database>
    <annotation>Unknown</annotation>
    <image>Unknown</image>
  </source>
  <size>
    <width>640</width>
    <height>480</height>
    <depth></depth>
  </size>
  <segmented>0</segmented>
  <object>
    <name>beer</name>
    <truncated>0</truncated>
    <occluded>0</occluded>
    <difficult>0</difficult>
    <bndbox>
      <xmin>256.38</xmin>
      <ymin>305.09</ymin>
      <xmax>348.26</xmax>
      <ymax>362.91</ymax>
    </bndbox>
  </object>
  <object>
    <name>cola</name>
    <truncated>0</truncated>
    <occluded>0</occluded>
    <difficult>0</difficult>
    <bndbox>
      <xmin>570.83</xmin>
      <ymin>175.98</ymin>
      <xmax>632.61</xmax>
      <ymax>267.07</ymax>
    </bndbox>
  </object>
</annotation>
