<annotation>
  <folder>frame</folder>
  <filename>frame_000919.PNG</filename>
  <source>
    <database>Unknown</database>
    <annotation>Unknown</annotation>
    <image>Unknown</image>
  </source>
  <size>
    <width>640</width>
    <height>480</height>
    <depth></depth>
  </size>
  <segmented>0</segmented>
  <object>
    <name>beer</name>
    <truncated>0</truncated>
    <occluded>0</occluded>
    <difficult>0</difficult>
    <bndbox>
      <xmin>259.21</xmin>
      <ymin>299.74</ymin>
      <xmax>349.34</xmax>
      <ymax>368.91</ymax>
    </bndbox>
  </object>
  <object>
    <name>beer</name>
    <truncated>0</truncated>
    <occluded>0</occluded>
    <difficult>0</difficult>
    <bndbox>
      <xmin>190.74</xmin>
      <ymin>266.9</ymin>
      <xmax>259.91</xmax>
      <ymax>369.61</ymax>
    </bndbox>
  </object>
</annotation>
