<annotation>
  <folder>frame</folder>
  <filename>frame_000994.PNG</filename>
  <source>
    <database>Unknown</database>
    <annotation>Unknown</annotation>
    <image>Unknown</image>
  </source>
  <size>
    <width>640</width>
    <height>480</height>
    <depth></depth>
  </size>
  <segmented>0</segmented>
  <object>
    <name>cola</name>
    <truncated>0</truncated>
    <occluded>0</occluded>
    <difficult>0</difficult>
    <bndbox>
      <xmin>560.35</xmin>
      <ymin>176.07</ymin>
      <xmax>640.0</xmax>
      <ymax>275.98</ymax>
    </bndbox>
  </object>
  <object>
    <name>beer</name>
    <truncated>0</truncated>
    <occluded>0</occluded>
    <difficult>0</difficult>
    <bndbox>
      <xmin>258.52</xmin>
      <ymin>299.74</ymin>
      <xmax>354.93</xmax>
      <ymax>373.1</ymax>
    </bndbox>
  </object>
</annotation>
