<annotation>
  <folder>frame</folder>
  <filename>frame_000976.PNG</filename>
  <source>
    <database>Unknown</database>
    <annotation>Unknown</annotation>
    <image>Unknown</image>
  </source>
  <size>
    <width>640</width>
    <height>480</height>
    <depth></depth>
  </size>
  <segmented>0</segmented>
  <object>
    <name>beer</name>
    <truncated>0</truncated>
    <occluded>0</occluded>
    <difficult>0</difficult>
    <bndbox>
      <xmin>187.25</xmin>
      <ymin>266.9</ymin>
      <xmax>259.21</xmax>
      <ymax>365.41</ymax>
    </bndbox>
  </object>
  <object>
    <name>beer</name>
    <truncated>0</truncated>
    <occluded>0</occluded>
    <difficult>0</difficult>
    <bndbox>
      <xmin>257.75</xmin>
      <ymin>301.83</ymin>
      <xmax>350.04</xmax>
      <ymax>373.8</ymax>
    </bndbox>
  </object>
  <object>
    <name>cola</name>
    <truncated>0</truncated>
    <occluded>0</occluded>
    <difficult>0</difficult>
    <bndbox>
      <xmin>609.96</xmin>
      <ymin>136.94</ymin>
      <xmax>640.0</xmax>
      <ymax>255.02</ymax>
    </bndbox>
  </object>
</annotation>
