<annotation>
  <folder>frame</folder>
  <filename>frame_000940.PNG</filename>
  <source>
    <database>Unknown</database>
    <annotation>Unknown</annotation>
    <image>Unknown</image>
  </source>
  <size>
    <width>640</width>
    <height>480</height>
    <depth></depth>
  </size>
  <segmented>0</segmented>
  <object>
    <name>beer</name>
    <truncated>0</truncated>
    <occluded>0</occluded>
    <difficult>0</difficult>
    <bndbox>
      <xmin>185.15</xmin>
      <ymin>262.01</ymin>
      <xmax>259.91</xmax>
      <ymax>363.32</ymax>
    </bndbox>
  </object>
  <object>
    <name>beer</name>
    <truncated>0</truncated>
    <occluded>0</occluded>
    <difficult>0</difficult>
    <bndbox>
      <xmin>257.75</xmin>
      <ymin>303.93</ymin>
      <xmax>354.93</xmax>
      <ymax>366.81</ymax>
    </bndbox>
  </object>
</annotation>
