<annotation>
  <folder>frame</folder>
  <filename>frame_000997.PNG</filename>
  <source>
    <database>Unknown</database>
    <annotation>Unknown</annotation>
    <image>Unknown</image>
  </source>
  <size>
    <width>640</width>
    <height>480</height>
    <depth></depth>
  </size>
  <segmented>0</segmented>
  <object>
    <name>beer</name>
    <truncated>0</truncated>
    <occluded>0</occluded>
    <difficult>0</difficult>
    <bndbox>
      <xmin>257.12</xmin>
      <ymin>287.16</ymin>
      <xmax>354.93</xmax>
      <ymax>367.51</ymax>
    </bndbox>
  </object>
  <object>
    <name>cola</name>
    <truncated>0</truncated>
    <occluded>0</occluded>
    <difficult>0</difficult>
    <bndbox>
      <xmin>565.94</xmin>
      <ymin>171.88</ymin>
      <xmax>632.31</xmax>
      <ymax>278.08</ymax>
    </bndbox>
  </object>
</annotation>
