<annotation>
  <folder>frame</folder>
  <filename>frame_000964.PNG</filename>
  <source>
    <database>Unknown</database>
    <annotation>Unknown</annotation>
    <image>Unknown</image>
  </source>
  <size>
    <width>640</width>
    <height>480</height>
    <depth></depth>
  </size>
  <segmented>0</segmented>
  <object>
    <name>beer</name>
    <truncated>0</truncated>
    <occluded>0</occluded>
    <difficult>0</difficult>
    <bndbox>
      <xmin>257.12</xmin>
      <ymin>296.94</ymin>
      <xmax>346.55</xmax>
      <ymax>368.91</ymax>
    </bndbox>
  </object>
  <object>
    <name>beer</name>
    <truncated>0</truncated>
    <occluded>0</occluded>
    <difficult>0</difficult>
    <bndbox>
      <xmin>192.84</xmin>
      <ymin>267.6</ymin>
      <xmax>262.71</xmax>
      <ymax>365.41</ymax>
    </bndbox>
  </object>
</annotation>
