<annotation>
  <folder>frame</folder>
  <filename>frame_001011.PNG</filename>
  <source>
    <database>Unknown</database>
    <annotation>Unknown</annotation>
    <image>Unknown</image>
  </source>
  <size>
    <width>640</width>
    <height>480</height>
    <depth></depth>
  </size>
  <segmented>0</segmented>
  <object>
    <name>cola</name>
    <truncated>0</truncated>
    <occluded>0</occluded>
    <difficult>0</difficult>
    <bndbox>
      <xmin>567.34</xmin>
      <ymin>197.03</ymin>
      <xmax>630.92</xmax>
      <ymax>295.55</ymax>
    </bndbox>
  </object>
  <object>
    <name>beer</name>
    <truncated>0</truncated>
    <occluded>0</occluded>
    <difficult>0</difficult>
    <bndbox>
      <xmin>213.73</xmin>
      <ymin>300.44</ymin>
      <xmax>320.0</xmax>
      <ymax>366.11</ymax>
    </bndbox>
  </object>
</annotation>
