<annotation>
  <folder>frame</folder>
  <filename>frame_000886.PNG</filename>
  <source>
    <database>Unknown</database>
    <annotation>Unknown</annotation>
    <image>Unknown</image>
  </source>
  <size>
    <width>640</width>
    <height>480</height>
    <depth></depth>
  </size>
  <segmented>0</segmented>
  <object>
    <name>beer</name>
    <truncated>0</truncated>
    <occluded>0</occluded>
    <difficult>0</difficult>
    <bndbox>
      <xmin>258.52</xmin>
      <ymin>301.83</ymin>
      <xmax>349.35</xmax>
      <ymax>373.1</ymax>
    </bndbox>
  </object>
  <object>
    <name>beer</name>
    <truncated>0</truncated>
    <occluded>0</occluded>
    <difficult>0</difficult>
    <bndbox>
      <xmin>185.85</xmin>
      <ymin>267.6</ymin>
      <xmax>260.61</xmax>
      <ymax>377.99</ymax>
    </bndbox>
  </object>
</annotation>
