<annotation>
  <folder>frame</folder>
  <filename>frame_000961.PNG</filename>
  <source>
    <database>Unknown</database>
    <annotation>Unknown</annotation>
    <image>Unknown</image>
  </source>
  <size>
    <width>640</width>
    <height>480</height>
    <depth></depth>
  </size>
  <segmented>0</segmented>
  <object>
    <name>beer</name>
    <truncated>0</truncated>
    <occluded>0</occluded>
    <difficult>0</difficult>
    <bndbox>
      <xmin>255.72</xmin>
      <ymin>305.26</ymin>
      <xmax>349.35</xmax>
      <ymax>368.91</ymax>
    </bndbox>
  </object>
  <object>
    <name>beer</name>
    <truncated>0</truncated>
    <occluded>0</occluded>
    <difficult>0</difficult>
    <bndbox>
      <xmin>187.25</xmin>
      <ymin>262.01</ymin>
      <xmax>263.41</xmax>
      <ymax>362.62</ymax>
    </bndbox>
  </object>
</annotation>
