<annotation>
  <folder>frame</folder>
  <filename>frame_000934.PNG</filename>
  <source>
    <database>Unknown</database>
    <annotation>Unknown</annotation>
    <image>Unknown</image>
  </source>
  <size>
    <width>640</width>
    <height>480</height>
    <depth></depth>
  </size>
  <segmented>0</segmented>
  <object>
    <name>beer</name>
    <truncated>0</truncated>
    <occluded>0</occluded>
    <difficult>0</difficult>
    <bndbox>
      <xmin>188.65</xmin>
      <ymin>266.9</ymin>
      <xmax>259.91</xmax>
      <ymax>363.32</ymax>
    </bndbox>
  </object>
  <object>
    <name>beer</name>
    <truncated>0</truncated>
    <occluded>0</occluded>
    <difficult>0</difficult>
    <bndbox>
      <xmin>257.82</xmin>
      <ymin>300.44</ymin>
      <xmax>349.34</xmax>
      <ymax>361.92</ymax>
    </bndbox>
  </object>
</annotation>
