<annotation>
  <folder>frame</folder>
  <filename>frame_001697.PNG</filename>
  <source>
    <database>Unknown</database>
    <annotation>Unknown</annotation>
    <image>Unknown</image>
  </source>
  <size>
    <width>640</width>
    <height>480</height>
    <depth></depth>
  </size>
  <segmented>0</segmented>
  <object>
    <name>cola</name>
    <truncated>0</truncated>
    <occluded>0</occluded>
    <difficult>0</difficult>
    <bndbox>
      <xmin>155.72</xmin>
      <ymin>249.78</ymin>
      <xmax>250.22</xmax>
      <ymax>315.03</ymax>
    </bndbox>
  </object>
  <object>
    <name>beer</name>
    <truncated>0</truncated>
    <occluded>0</occluded>
    <difficult>0</difficult>
    <bndbox>
      <xmin>110.72</xmin>
      <ymin>0.0</ymin>
      <xmax>181.22</xmax>
      <ymax>75.78</ymax>
    </bndbox>
  </object>
  <object>
    <name>beer</name>
    <truncated>0</truncated>
    <occluded>0</occluded>
    <difficult>0</difficult>
    <bndbox>
      <xmin>181.22</xmin>
      <ymin>299.28</ymin>
      <xmax>274.22</xmax>
      <ymax>372.78</ymax>
    </bndbox>
  </object>
</annotation>
