<annotation>
  <folder>frame</folder>
  <filename>frame_001694.PNG</filename>
  <source>
    <database>Unknown</database>
    <annotation>Unknown</annotation>
    <image>Unknown</image>
  </source>
  <size>
    <width>640</width>
    <height>480</height>
    <depth></depth>
  </size>
  <segmented>0</segmented>
  <object>
    <name>beer</name>
    <truncated>0</truncated>
    <occluded>0</occluded>
    <difficult>0</difficult>
    <bndbox>
      <xmin>187.2</xmin>
      <ymin>306.0</ymin>
      <xmax>286.97</xmax>
      <ymax>368.28</ymax>
    </bndbox>
  </object>
  <object>
    <name>beer</name>
    <truncated>0</truncated>
    <occluded>0</occluded>
    <difficult>0</difficult>
    <bndbox>
      <xmin>125.7</xmin>
      <ymin>14.28</ymin>
      <xmax>191.7</xmax>
      <ymax>102.78</ymax>
    </bndbox>
  </object>
  <object>
    <name>cola</name>
    <truncated>0</truncated>
    <occluded>0</occluded>
    <difficult>0</difficult>
    <bndbox>
      <xmin>165.47</xmin>
      <ymin>249.78</ymin>
      <xmax>259.97</xmax>
      <ymax>315.03</ymax>
    </bndbox>
  </object>
</annotation>
