<annotation>
  <folder>frame</folder>
  <filename>frame_001696.PNG</filename>
  <source>
    <database>Unknown</database>
    <annotation>Unknown</annotation>
    <image>Unknown</image>
  </source>
  <size>
    <width>640</width>
    <height>480</height>
    <depth></depth>
  </size>
  <segmented>0</segmented>
  <object>
    <name>cola</name>
    <truncated>0</truncated>
    <occluded>0</occluded>
    <difficult>0</difficult>
    <bndbox>
      <xmin>157.97</xmin>
      <ymin>246.78</ymin>
      <xmax>252.47</xmax>
      <ymax>312.03</ymax>
    </bndbox>
  </object>
  <object>
    <name>beer</name>
    <truncated>0</truncated>
    <occluded>0</occluded>
    <difficult>0</difficult>
    <bndbox>
      <xmin>121.22</xmin>
      <ymin>0.0</ymin>
      <xmax>191.72</xmax>
      <ymax>87.03</ymax>
    </bndbox>
  </object>
  <object>
    <name>beer</name>
    <truncated>0</truncated>
    <occluded>0</occluded>
    <difficult>0</difficult>
    <bndbox>
      <xmin>182.72</xmin>
      <ymin>309.0</ymin>
      <xmax>272.7</xmax>
      <ymax>369.8</ymax>
    </bndbox>
  </object>
</annotation>
