<annotation>
  <folder>frame</folder>
  <filename>frame_001600.PNG</filename>
  <source>
    <database>Unknown</database>
    <annotation>Unknown</annotation>
    <image>Unknown</image>
  </source>
  <size>
    <width>640</width>
    <height>480</height>
    <depth></depth>
  </size>
  <segmented>0</segmented>
  <object>
    <name>beer</name>
    <truncated>0</truncated>
    <occluded>0</occluded>
    <difficult>0</difficult>
    <bndbox>
      <xmin>194.72</xmin>
      <ymin>295.53</ymin>
      <xmax>287.72</xmax>
      <ymax>366.03</ymax>
    </bndbox>
  </object>
  <object>
    <name>beer</name>
    <truncated>0</truncated>
    <occluded>0</occluded>
    <difficult>0</difficult>
    <bndbox>
      <xmin>130.97</xmin>
      <ymin>12.03</ymin>
      <xmax>202.22</xmax>
      <ymax>101.28</ymax>
    </bndbox>
  </object>
</annotation>
