<annotation>
  <folder>frame</folder>
  <filename>frame_001682.PNG</filename>
  <source>
    <database>Unknown</database>
    <annotation>Unknown</annotation>
    <image>Unknown</image>
  </source>
  <size>
    <width>640</width>
    <height>480</height>
    <depth></depth>
  </size>
  <segmented>0</segmented>
  <object>
    <name>beer</name>
    <truncated>0</truncated>
    <occluded>0</occluded>
    <difficult>0</difficult>
    <bndbox>
      <xmin>193.97</xmin>
      <ymin>294.78</ymin>
      <xmax>286.97</xmax>
      <ymax>368.28</ymax>
    </bndbox>
  </object>
  <object>
    <name>beer</name>
    <truncated>0</truncated>
    <occluded>0</occluded>
    <difficult>0</difficult>
    <bndbox>
      <xmin>133.97</xmin>
      <ymin>14.28</ymin>
      <xmax>204.47</xmax>
      <ymax>102.78</ymax>
    </bndbox>
  </object>
  <object>
    <name>cola</name>
    <truncated>0</truncated>
    <occluded>0</occluded>
    <difficult>0</difficult>
    <bndbox>
      <xmin>352.75</xmin>
      <ymin>160.0</ymin>
      <xmax>432.25</xmax>
      <ymax>248.5</ymax>
    </bndbox>
  </object>
</annotation>
