<annotation>
  <folder>frame</folder>
  <filename>frame_001695.PNG</filename>
  <source>
    <database>Unknown</database>
    <annotation>Unknown</annotation>
    <image>Unknown</image>
  </source>
  <size>
    <width>640</width>
    <height>480</height>
    <depth></depth>
  </size>
  <segmented>0</segmented>
  <object>
    <name>beer</name>
    <truncated>0</truncated>
    <occluded>0</occluded>
    <difficult>0</difficult>
    <bndbox>
      <xmin>124.97</xmin>
      <ymin>9.03</ymin>
      <xmax>195.47</xmax>
      <ymax>97.53</ymax>
    </bndbox>
  </object>
  <object>
    <name>beer</name>
    <truncated>0</truncated>
    <occluded>0</occluded>
    <difficult>0</difficult>
    <bndbox>
      <xmin>181.97</xmin>
      <ymin>303.0</ymin>
      <xmax>275.0</xmax>
      <ymax>370.53</ymax>
    </bndbox>
  </object>
  <object>
    <name>cola</name>
    <truncated>0</truncated>
    <occluded>0</occluded>
    <difficult>0</difficult>
    <bndbox>
      <xmin>160.22</xmin>
      <ymin>252.78</ymin>
      <xmax>254.72</xmax>
      <ymax>318.03</ymax>
    </bndbox>
  </object>
</annotation>
