<annotation>
  <folder>frame</folder>
  <filename>frame_001699.PNG</filename>
  <source>
    <database>Unknown</database>
    <annotation>Unknown</annotation>
    <image>Unknown</image>
  </source>
  <size>
    <width>640</width>
    <height>480</height>
    <depth></depth>
  </size>
  <segmented>0</segmented>
  <object>
    <name>cola</name>
    <truncated>0</truncated>
    <occluded>0</occluded>
    <difficult>0</difficult>
    <bndbox>
      <xmin>152.72</xmin>
      <ymin>250.53</ymin>
      <xmax>247.22</xmax>
      <ymax>315.78</ymax>
    </bndbox>
  </object>
  <object>
    <name>beer</name>
    <truncated>0</truncated>
    <occluded>0</occluded>
    <difficult>0</difficult>
    <bndbox>
      <xmin>179.72</xmin>
      <ymin>296.28</ymin>
      <xmax>272.72</xmax>
      <ymax>369.78</ymax>
    </bndbox>
  </object>
</annotation>
