<annotation>
  <folder>frame</folder>
  <filename>frame_000184.PNG</filename>
  <source>
    <database>Unknown</database>
    <annotation>Unknown</annotation>
    <image>Unknown</image>
  </source>
  <size>
    <width>640</width>
    <height>480</height>
    <depth></depth>
  </size>
  <segmented>0</segmented>
  <object>
    <name>beer</name>
    <truncated>0</truncated>
    <occluded>0</occluded>
    <difficult>0</difficult>
    <bndbox>
      <xmin>138.53</xmin>
      <ymin>318.0</ymin>
      <xmax>230.78</xmax>
      <ymax>366.0</ymax>
    </bndbox>
  </object>
  <object>
    <name>beer</name>
    <truncated>0</truncated>
    <occluded>0</occluded>
    <difficult>0</difficult>
    <bndbox>
      <xmin>460.28</xmin>
      <ymin>66.0</ymin>
      <xmax>520.28</xmax>
      <ymax>150.0</ymax>
    </bndbox>
  </object>
  <object>
    <name>beer</name>
    <truncated>0</truncated>
    <occluded>0</occluded>
    <difficult>0</difficult>
    <bndbox>
      <xmin>446.78</xmin>
      <ymin>327.0</ymin>
      <xmax>545.03</xmax>
      <ymax>369.75</ymax>
    </bndbox>
  </object>
</annotation>
