<annotation>
  <folder>frame</folder>
  <filename>frame_000175.PNG</filename>
  <source>
    <database>Unknown</database>
    <annotation>Unknown</annotation>
    <image>Unknown</image>
  </source>
  <size>
    <width>640</width>
    <height>480</height>
    <depth></depth>
  </size>
  <segmented>0</segmented>
  <object>
    <name>beer</name>
    <truncated>0</truncated>
    <occluded>0</occluded>
    <difficult>0</difficult>
    <bndbox>
      <xmin>271.2</xmin>
      <ymin>0.7</ymin>
      <xmax>326.78</xmax>
      <ymax>84.75</ymax>
    </bndbox>
  </object>
  <object>
    <name>beer</name>
    <truncated>0</truncated>
    <occluded>0</occluded>
    <difficult>0</difficult>
    <bndbox>
      <xmin>451.28</xmin>
      <ymin>328.5</ymin>
      <xmax>543.53</xmax>
      <ymax>368.25</ymax>
    </bndbox>
  </object>
  <object>
    <name>beer</name>
    <truncated>0</truncated>
    <occluded>0</occluded>
    <difficult>0</difficult>
    <bndbox>
      <xmin>137.03</xmin>
      <ymin>322.5</ymin>
      <xmax>230.03</xmax>
      <ymax>366.75</ymax>
    </bndbox>
  </object>
</annotation>
