<annotation>
  <folder>frame</folder>
  <filename>frame_000138.PNG</filename>
  <source>
    <database>Unknown</database>
    <annotation>Unknown</annotation>
    <image>Unknown</image>
  </source>
  <size>
    <width>640</width>
    <height>480</height>
    <depth></depth>
  </size>
  <segmented>0</segmented>
  <object>
    <name>beer</name>
    <truncated>0</truncated>
    <occluded>0</occluded>
    <difficult>0</difficult>
    <bndbox>
      <xmin>1.95</xmin>
      <ymin>138.0</ymin>
      <xmax>46.28</xmax>
      <ymax>225.0</ymax>
    </bndbox>
  </object>
  <object>
    <name>beer</name>
    <truncated>0</truncated>
    <occluded>0</occluded>
    <difficult>0</difficult>
    <bndbox>
      <xmin>409.28</xmin>
      <ymin>0.0</ymin>
      <xmax>461.03</xmax>
      <ymax>41.25</ymax>
    </bndbox>
  </object>
</annotation>
