<annotation>
  <folder>frame</folder>
  <filename>frame_000172.PNG</filename>
  <source>
    <database>Unknown</database>
    <annotation>Unknown</annotation>
    <image>Unknown</image>
  </source>
  <size>
    <width>640</width>
    <height>480</height>
    <depth></depth>
  </size>
  <segmented>0</segmented>
  <object>
    <name>beer</name>
    <truncated>0</truncated>
    <occluded>0</occluded>
    <difficult>0</difficult>
    <bndbox>
      <xmin>444.53</xmin>
      <ymin>327.0</ymin>
      <xmax>544.28</xmax>
      <ymax>368.25</ymax>
    </bndbox>
  </object>
  <object>
    <name>beer</name>
    <truncated>0</truncated>
    <occluded>0</occluded>
    <difficult>0</difficult>
    <bndbox>
      <xmin>205.95</xmin>
      <ymin>1.5</ymin>
      <xmax>260.03</xmax>
      <ymax>63.0</ymax>
    </bndbox>
  </object>
  <object>
    <name>beer</name>
    <truncated>0</truncated>
    <occluded>0</occluded>
    <difficult>0</difficult>
    <bndbox>
      <xmin>141.53</xmin>
      <ymin>320.25</ymin>
      <xmax>229.28</xmax>
      <ymax>364.5</ymax>
    </bndbox>
  </object>
</annotation>
