<annotation>
  <folder>frame</folder>
  <filename>frame_000176.PNG</filename>
  <source>
    <database>Unknown</database>
    <annotation>Unknown</annotation>
    <image>Unknown</image>
  </source>
  <size>
    <width>640</width>
    <height>480</height>
    <depth></depth>
  </size>
  <segmented>0</segmented>
  <object>
    <name>beer</name>
    <truncated>0</truncated>
    <occluded>0</occluded>
    <difficult>0</difficult>
    <bndbox>
      <xmin>446.03</xmin>
      <ymin>326.25</ymin>
      <xmax>545.03</xmax>
      <ymax>366.75</ymax>
    </bndbox>
  </object>
  <object>
    <name>beer</name>
    <truncated>0</truncated>
    <occluded>0</occluded>
    <difficult>0</difficult>
    <bndbox>
      <xmin>137.78</xmin>
      <ymin>318.75</ymin>
      <xmax>231.53</xmax>
      <ymax>363.0</ymax>
    </bndbox>
  </object>
  <object>
    <name>beer</name>
    <truncated>0</truncated>
    <occluded>0</occluded>
    <difficult>0</difficult>
    <bndbox>
      <xmin>294.53</xmin>
      <ymin>6.0</ymin>
      <xmax>350.03</xmax>
      <ymax>93.75</ymax>
    </bndbox>
  </object>
</annotation>
