<annotation>
  <folder>frame</folder>
  <filename>frame_000113.PNG</filename>
  <source>
    <database>Unknown</database>
    <annotation>Unknown</annotation>
    <image>Unknown</image>
  </source>
  <size>
    <width>640</width>
    <height>480</height>
    <depth></depth>
  </size>
  <segmented>0</segmented>
  <object>
    <name>beer</name>
    <truncated>0</truncated>
    <occluded>0</occluded>
    <difficult>0</difficult>
    <bndbox>
      <xmin>134.78</xmin>
      <ymin>321.0</ymin>
      <xmax>232.28</xmax>
      <ymax>364.5</ymax>
    </bndbox>
  </object>
  <object>
    <name>beer</name>
    <truncated>0</truncated>
    <occluded>0</occluded>
    <difficult>0</difficult>
    <bndbox>
      <xmin>410.78</xmin>
      <ymin>0.75</ymin>
      <xmax>463.28</xmax>
      <ymax>39.75</ymax>
    </bndbox>
  </object>
  <object>
    <name>beer</name>
    <truncated>0</truncated>
    <occluded>0</occluded>
    <difficult>0</difficult>
    <bndbox>
      <xmin>449.03</xmin>
      <ymin>327.0</ymin>
      <xmax>545.78</xmax>
      <ymax>368.25</ymax>
    </bndbox>
  </object>
  <object>
    <name>beer</name>
    <truncated>0</truncated>
    <occluded>0</occluded>
    <difficult>0</difficult>
    <bndbox>
      <xmin>404.03</xmin>
      <ymin>177.0</ymin>
      <xmax>446.78</xmax>
      <ymax>264.0</ymax>
    </bndbox>
  </object>
</annotation>
