<annotation>
  <folder>frame</folder>
  <filename>frame_000178.PNG</filename>
  <source>
    <database>Unknown</database>
    <annotation>Unknown</annotation>
    <image>Unknown</image>
  </source>
  <size>
    <width>640</width>
    <height>480</height>
    <depth></depth>
  </size>
  <segmented>0</segmented>
  <object>
    <name>beer</name>
    <truncated>0</truncated>
    <occluded>0</occluded>
    <difficult>0</difficult>
    <bndbox>
      <xmin>447.53</xmin>
      <ymin>326.25</ymin>
      <xmax>544.28</xmax>
      <ymax>368.25</ymax>
    </bndbox>
  </object>
  <object>
    <name>beer</name>
    <truncated>0</truncated>
    <occluded>0</occluded>
    <difficult>0</difficult>
    <bndbox>
      <xmin>335.03</xmin>
      <ymin>22.5</ymin>
      <xmax>392.78</xmax>
      <ymax>111.75</ymax>
    </bndbox>
  </object>
  <object>
    <name>beer</name>
    <truncated>0</truncated>
    <occluded>0</occluded>
    <difficult>0</difficult>
    <bndbox>
      <xmin>138.53</xmin>
      <ymin>318.75</ymin>
      <xmax>228.53</xmax>
      <ymax>362.2</ymax>
    </bndbox>
  </object>
</annotation>
