<annotation>
  <folder>frame</folder>
  <filename>frame_000141.PNG</filename>
  <source>
    <database>Unknown</database>
    <annotation>Unknown</annotation>
    <image>Unknown</image>
  </source>
  <size>
    <width>640</width>
    <height>480</height>
    <depth></depth>
  </size>
  <segmented>0</segmented>
  <object>
    <name>beer</name>
    <truncated>0</truncated>
    <occluded>0</occluded>
    <difficult>0</difficult>
    <bndbox>
      <xmin>141.53</xmin>
      <ymin>321.75</ymin>
      <xmax>230.03</xmax>
      <ymax>363.75</ymax>
    </bndbox>
  </object>
  <object>
    <name>beer</name>
    <truncated>0</truncated>
    <occluded>0</occluded>
    <difficult>0</difficult>
    <bndbox>
      <xmin>422.03</xmin>
      <ymin>0.0</ymin>
      <xmax>472.28</xmax>
      <ymax>39.0</ymax>
    </bndbox>
  </object>
  <object>
    <name>beer</name>
    <truncated>0</truncated>
    <occluded>0</occluded>
    <difficult>0</difficult>
    <bndbox>
      <xmin>449.03</xmin>
      <ymin>325.5</ymin>
      <xmax>545.03</xmax>
      <ymax>369.0</ymax>
    </bndbox>
  </object>
</annotation>
