<annotation>
  <folder>frame</folder>
  <filename>frame_000177.PNG</filename>
  <source>
    <database>Unknown</database>
    <annotation>Unknown</annotation>
    <image>Unknown</image>
  </source>
  <size>
    <width>640</width>
    <height>480</height>
    <depth></depth>
  </size>
  <segmented>0</segmented>
  <object>
    <name>beer</name>
    <truncated>0</truncated>
    <occluded>0</occluded>
    <difficult>0</difficult>
    <bndbox>
      <xmin>142.5</xmin>
      <ymin>318.0</ymin>
      <xmax>228.75</xmax>
      <ymax>363.0</ymax>
    </bndbox>
  </object>
  <object>
    <name>beer</name>
    <truncated>0</truncated>
    <occluded>0</occluded>
    <difficult>0</difficult>
    <bndbox>
      <xmin>448.28</xmin>
      <ymin>326.25</ymin>
      <xmax>545.03</xmax>
      <ymax>367.5</ymax>
    </bndbox>
  </object>
  <object>
    <name>beer</name>
    <truncated>0</truncated>
    <occluded>0</occluded>
    <difficult>0</difficult>
    <bndbox>
      <xmin>318.53</xmin>
      <ymin>15.0</ymin>
      <xmax>371.03</xmax>
      <ymax>101.25</ymax>
    </bndbox>
  </object>
</annotation>
