<annotation>
  <folder>frame</folder>
  <filename>frame_000112.PNG</filename>
  <source>
    <database>Unknown</database>
    <annotation>Unknown</annotation>
    <image>Unknown</image>
  </source>
  <size>
    <width>640</width>
    <height>480</height>
    <depth></depth>
  </size>
  <segmented>0</segmented>
  <object>
    <name>beer</name>
    <truncated>0</truncated>
    <occluded>0</occluded>
    <difficult>0</difficult>
    <bndbox>
      <xmin>407.03</xmin>
      <ymin>0.0</ymin>
      <xmax>464.78</xmax>
      <ymax>40.5</ymax>
    </bndbox>
  </object>
  <object>
    <name>beer</name>
    <truncated>0</truncated>
    <occluded>0</occluded>
    <difficult>0</difficult>
    <bndbox>
      <xmin>419.78</xmin>
      <ymin>180.0</ymin>
      <xmax>464.03</xmax>
      <ymax>267.75</ymax>
    </bndbox>
  </object>
  <object>
    <name>beer</name>
    <truncated>0</truncated>
    <occluded>0</occluded>
    <difficult>0</difficult>
    <bndbox>
      <xmin>141.53</xmin>
      <ymin>321.0</ymin>
      <xmax>230.03</xmax>
      <ymax>366.0</ymax>
    </bndbox>
  </object>
  <object>
    <name>beer</name>
    <truncated>0</truncated>
    <occluded>0</occluded>
    <difficult>0</difficult>
    <bndbox>
      <xmin>450.53</xmin>
      <ymin>327.0</ymin>
      <xmax>545.03</xmax>
      <ymax>369.75</ymax>
    </bndbox>
  </object>
</annotation>
