<annotation>
  <folder>frame</folder>
  <filename>frame_000140.PNG</filename>
  <source>
    <database>Unknown</database>
    <annotation>Unknown</annotation>
    <image>Unknown</image>
  </source>
  <size>
    <width>640</width>
    <height>480</height>
    <depth></depth>
  </size>
  <segmented>0</segmented>
  <object>
    <name>beer</name>
    <truncated>0</truncated>
    <occluded>0</occluded>
    <difficult>0</difficult>
    <bndbox>
      <xmin>413.78</xmin>
      <ymin>0.75</ymin>
      <xmax>464.03</xmax>
      <ymax>39.0</ymax>
    </bndbox>
  </object>
  <object>
    <name>beer</name>
    <truncated>0</truncated>
    <occluded>0</occluded>
    <difficult>0</difficult>
    <bndbox>
      <xmin>0.0</xmin>
      <ymin>139.5</ymin>
      <xmax>21.53</xmax>
      <ymax>220.5</ymax>
    </bndbox>
  </object>
</annotation>
