<annotation>
  <folder>frame</folder>
  <filename>frame_000108.PNG</filename>
  <source>
    <database>Unknown</database>
    <annotation>Unknown</annotation>
    <image>Unknown</image>
  </source>
  <size>
    <width>640</width>
    <height>480</height>
    <depth></depth>
  </size>
  <segmented>0</segmented>
  <object>
    <name>beer</name>
    <truncated>0</truncated>
    <occluded>0</occluded>
    <difficult>0</difficult>
    <bndbox>
      <xmin>140.78</xmin>
      <ymin>319.5</ymin>
      <xmax>232.28</xmax>
      <ymax>366.0</ymax>
    </bndbox>
  </object>
  <object>
    <name>beer</name>
    <truncated>0</truncated>
    <occluded>0</occluded>
    <difficult>0</difficult>
    <bndbox>
      <xmin>448.28</xmin>
      <ymin>328.5</ymin>
      <xmax>545.78</xmax>
      <ymax>367.5</ymax>
    </bndbox>
  </object>
  <object>
    <name>beer</name>
    <truncated>0</truncated>
    <occluded>0</occluded>
    <difficult>0</difficult>
    <bndbox>
      <xmin>409.28</xmin>
      <ymin>0.75</ymin>
      <xmax>462.53</xmax>
      <ymax>40.5</ymax>
    </bndbox>
  </object>
  <object>
    <name>beer</name>
    <truncated>0</truncated>
    <occluded>0</occluded>
    <difficult>0</difficult>
    <bndbox>
      <xmin>498.53</xmin>
      <ymin>191.25</ymin>
      <xmax>553.28</xmax>
      <ymax>277.5</ymax>
    </bndbox>
  </object>
</annotation>
