<annotation>
  <folder>frame</folder>
  <filename>frame_000183.PNG</filename>
  <source>
    <database>Unknown</database>
    <annotation>Unknown</annotation>
    <image>Unknown</image>
  </source>
  <size>
    <width>640</width>
    <height>480</height>
    <depth></depth>
  </size>
  <segmented>0</segmented>
  <object>
    <name>beer</name>
    <truncated>0</truncated>
    <occluded>0</occluded>
    <difficult>0</difficult>
    <bndbox>
      <xmin>440.03</xmin>
      <ymin>56.25</ymin>
      <xmax>500.03</xmax>
      <ymax>145.5</ymax>
    </bndbox>
  </object>
  <object>
    <name>beer</name>
    <truncated>0</truncated>
    <occluded>0</occluded>
    <difficult>0</difficult>
    <bndbox>
      <xmin>139.28</xmin>
      <ymin>321.0</ymin>
      <xmax>230.03</xmax>
      <ymax>363.0</ymax>
    </bndbox>
  </object>
  <object>
    <name>beer</name>
    <truncated>0</truncated>
    <occluded>0</occluded>
    <difficult>0</difficult>
    <bndbox>
      <xmin>445.28</xmin>
      <ymin>325.5</ymin>
      <xmax>544.28</xmax>
      <ymax>368.25</ymax>
    </bndbox>
  </object>
</annotation>
