<annotation>
  <folder>frame</folder>
  <filename>frame_000103.PNG</filename>
  <source>
    <database>Unknown</database>
    <annotation>Unknown</annotation>
    <image>Unknown</image>
  </source>
  <size>
    <width>640</width>
    <height>480</height>
    <depth></depth>
  </size>
  <segmented>0</segmented>
  <object>
    <name>beer</name>
    <truncated>0</truncated>
    <occluded>0</occluded>
    <difficult>0</difficult>
    <bndbox>
      <xmin>140.78</xmin>
      <ymin>321.0</ymin>
      <xmax>230.03</xmax>
      <ymax>364.5</ymax>
    </bndbox>
  </object>
  <object>
    <name>beer</name>
    <truncated>0</truncated>
    <occluded>0</occluded>
    <difficult>0</difficult>
    <bndbox>
      <xmin>449.03</xmin>
      <ymin>327.0</ymin>
      <xmax>543.53</xmax>
      <ymax>368.25</ymax>
    </bndbox>
  </object>
  <object>
    <name>beer</name>
    <truncated>0</truncated>
    <occluded>0</occluded>
    <difficult>0</difficult>
    <bndbox>
      <xmin>410.03</xmin>
      <ymin>0.0</ymin>
      <xmax>464.03</xmax>
      <ymax>42.0</ymax>
    </bndbox>
  </object>
</annotation>
