<annotation>
  <folder>frame</folder>
  <filename>frame_000186.PNG</filename>
  <source>
    <database>Unknown</database>
    <annotation>Unknown</annotation>
    <image>Unknown</image>
  </source>
  <size>
    <width>640</width>
    <height>480</height>
    <depth></depth>
  </size>
  <segmented>0</segmented>
  <object>
    <name>beer</name>
    <truncated>0</truncated>
    <occluded>0</occluded>
    <difficult>0</difficult>
    <bndbox>
      <xmin>139.28</xmin>
      <ymin>322.5</ymin>
      <xmax>230.78</xmax>
      <ymax>363.0</ymax>
    </bndbox>
  </object>
  <object>
    <name>beer</name>
    <truncated>0</truncated>
    <occluded>0</occluded>
    <difficult>0</difficult>
    <bndbox>
      <xmin>500.78</xmin>
      <ymin>78.0</ymin>
      <xmax>561.53</xmax>
      <ymax>165.75</ymax>
    </bndbox>
  </object>
  <object>
    <name>beer</name>
    <truncated>0</truncated>
    <occluded>0</occluded>
    <difficult>0</difficult>
    <bndbox>
      <xmin>449.78</xmin>
      <ymin>329.25</ymin>
      <xmax>545.78</xmax>
      <ymax>368.25</ymax>
    </bndbox>
  </object>
</annotation>
