<annotation>
  <folder>frame</folder>
  <filename>frame_000111.PNG</filename>
  <source>
    <database>Unknown</database>
    <annotation>Unknown</annotation>
    <image>Unknown</image>
  </source>
  <size>
    <width>640</width>
    <height>480</height>
    <depth></depth>
  </size>
  <segmented>0</segmented>
  <object>
    <name>beer</name>
    <truncated>0</truncated>
    <occluded>0</occluded>
    <difficult>0</difficult>
    <bndbox>
      <xmin>137.78</xmin>
      <ymin>318.0</ymin>
      <xmax>230.03</xmax>
      <ymax>363.0</ymax>
    </bndbox>
  </object>
  <object>
    <name>beer</name>
    <truncated>0</truncated>
    <occluded>0</occluded>
    <difficult>0</difficult>
    <bndbox>
      <xmin>438.53</xmin>
      <ymin>182.25</ymin>
      <xmax>488.03</xmax>
      <ymax>270.75</ymax>
    </bndbox>
  </object>
  <object>
    <name>beer</name>
    <truncated>0</truncated>
    <occluded>0</occluded>
    <difficult>0</difficult>
    <bndbox>
      <xmin>446.03</xmin>
      <ymin>328.5</ymin>
      <xmax>547.28</xmax>
      <ymax>367.5</ymax>
    </bndbox>
  </object>
  <object>
    <name>beer</name>
    <truncated>0</truncated>
    <occluded>0</occluded>
    <difficult>0</difficult>
    <bndbox>
      <xmin>413.03</xmin>
      <ymin>0.75</ymin>
      <xmax>464.03</xmax>
      <ymax>43.5</ymax>
    </bndbox>
  </object>
</annotation>
