<annotation>
  <folder>frame</folder>
  <filename>frame_000160.PNG</filename>
  <source>
    <database>Unknown</database>
    <annotation>Unknown</annotation>
    <image>Unknown</image>
  </source>
  <size>
    <width>640</width>
    <height>480</height>
    <depth></depth>
  </size>
  <segmented>0</segmented>
  <object>
    <name>beer</name>
    <truncated>0</truncated>
    <occluded>0</occluded>
    <difficult>0</difficult>
    <bndbox>
      <xmin>137.03</xmin>
      <ymin>319.5</ymin>
      <xmax>232.28</xmax>
      <ymax>363.0</ymax>
    </bndbox>
  </object>
  <object>
    <name>beer</name>
    <truncated>0</truncated>
    <occluded>0</occluded>
    <difficult>0</difficult>
    <bndbox>
      <xmin>449.03</xmin>
      <ymin>325.5</ymin>
      <xmax>543.53</xmax>
      <ymax>367.5</ymax>
    </bndbox>
  </object>
</annotation>
