<annotation>
  <folder>frame</folder>
  <filename>frame_000106.PNG</filename>
  <source>
    <database>Unknown</database>
    <annotation>Unknown</annotation>
    <image>Unknown</image>
  </source>
  <size>
    <width>640</width>
    <height>480</height>
    <depth></depth>
  </size>
  <segmented>0</segmented>
  <object>
    <name>beer</name>
    <truncated>0</truncated>
    <occluded>0</occluded>
    <difficult>0</difficult>
    <bndbox>
      <xmin>134.78</xmin>
      <ymin>321.0</ymin>
      <xmax>227.03</xmax>
      <ymax>363.0</ymax>
    </bndbox>
  </object>
  <object>
    <name>beer</name>
    <truncated>0</truncated>
    <occluded>0</occluded>
    <difficult>0</difficult>
    <bndbox>
      <xmin>557.03</xmin>
      <ymin>202.5</ymin>
      <xmax>605.03</xmax>
      <ymax>294.0</ymax>
    </bndbox>
  </object>
  <object>
    <name>beer</name>
    <truncated>0</truncated>
    <occluded>0</occluded>
    <difficult>0</difficult>
    <bndbox>
      <xmin>444.53</xmin>
      <ymin>326.25</ymin>
      <xmax>546.53</xmax>
      <ymax>371.25</ymax>
    </bndbox>
  </object>
  <object>
    <name>beer</name>
    <truncated>0</truncated>
    <occluded>0</occluded>
    <difficult>0</difficult>
    <bndbox>
      <xmin>410.78</xmin>
      <ymin>0.75</ymin>
      <xmax>464.03</xmax>
      <ymax>41.25</ymax>
    </bndbox>
  </object>
</annotation>
