<annotation>
  <folder>frame</folder>
  <filename>frame_000153.PNG</filename>
  <source>
    <database>Unknown</database>
    <annotation>Unknown</annotation>
    <image>Unknown</image>
  </source>
  <size>
    <width>640</width>
    <height>480</height>
    <depth></depth>
  </size>
  <segmented>0</segmented>
  <object>
    <name>beer</name>
    <truncated>0</truncated>
    <occluded>0</occluded>
    <difficult>0</difficult>
    <bndbox>
      <xmin>446.78</xmin>
      <ymin>327.0</ymin>
      <xmax>542.78</xmax>
      <ymax>368.25</ymax>
    </bndbox>
  </object>
  <object>
    <name>beer</name>
    <truncated>0</truncated>
    <occluded>0</occluded>
    <difficult>0</difficult>
    <bndbox>
      <xmin>139.28</xmin>
      <ymin>321.0</ymin>
      <xmax>231.53</xmax>
      <ymax>362.25</ymax>
    </bndbox>
  </object>
</annotation>
