<annotation>
  <folder>frame</folder>
  <filename>frame_000109.PNG</filename>
  <source>
    <database>Unknown</database>
    <annotation>Unknown</annotation>
    <image>Unknown</image>
  </source>
  <size>
    <width>640</width>
    <height>480</height>
    <depth></depth>
  </size>
  <segmented>0</segmented>
  <object>
    <name>beer</name>
    <truncated>0</truncated>
    <occluded>0</occluded>
    <difficult>0</difficult>
    <bndbox>
      <xmin>445.28</xmin>
      <ymin>327.0</ymin>
      <xmax>542.03</xmax>
      <ymax>366.0</ymax>
    </bndbox>
  </object>
  <object>
    <name>beer</name>
    <truncated>0</truncated>
    <occluded>0</occluded>
    <difficult>0</difficult>
    <bndbox>
      <xmin>480.53</xmin>
      <ymin>187.5</ymin>
      <xmax>529.28</xmax>
      <ymax>277.5</ymax>
    </bndbox>
  </object>
  <object>
    <name>beer</name>
    <truncated>0</truncated>
    <occluded>0</occluded>
    <difficult>0</difficult>
    <bndbox>
      <xmin>139.28</xmin>
      <ymin>321.75</ymin>
      <xmax>232.28</xmax>
      <ymax>362.25</ymax>
    </bndbox>
  </object>
  <object>
    <name>beer</name>
    <truncated>0</truncated>
    <occluded>0</occluded>
    <difficult>0</difficult>
    <bndbox>
      <xmin>410.03</xmin>
      <ymin>0.0</ymin>
      <xmax>464.03</xmax>
      <ymax>39.75</ymax>
    </bndbox>
  </object>
</annotation>
