<annotation>
  <folder>frame</folder>
  <filename>frame_000139.PNG</filename>
  <source>
    <database>Unknown</database>
    <annotation>Unknown</annotation>
    <image>Unknown</image>
  </source>
  <size>
    <width>640</width>
    <height>480</height>
    <depth></depth>
  </size>
  <segmented>0</segmented>
  <object>
    <name>beer</name>
    <truncated>0</truncated>
    <occluded>0</occluded>
    <difficult>0</difficult>
    <bndbox>
      <xmin>409.3</xmin>
      <ymin>2.25</ymin>
      <xmax>466.28</xmax>
      <ymax>42.0</ymax>
    </bndbox>
  </object>
  <object>
    <name>beer</name>
    <truncated>0</truncated>
    <occluded>0</occluded>
    <difficult>0</difficult>
    <bndbox>
      <xmin>0.45</xmin>
      <ymin>137.25</ymin>
      <xmax>32.03</xmax>
      <ymax>222.75</ymax>
    </bndbox>
  </object>
</annotation>
