<annotation>
  <folder>frame</folder>
  <filename>frame_000137.PNG</filename>
  <source>
    <database>Unknown</database>
    <annotation>Unknown</annotation>
    <image>Unknown</image>
  </source>
  <size>
    <width>640</width>
    <height>480</height>
    <depth></depth>
  </size>
  <segmented>0</segmented>
  <object>
    <name>beer</name>
    <truncated>0</truncated>
    <occluded>0</occluded>
    <difficult>0</difficult>
    <bndbox>
      <xmin>407.78</xmin>
      <ymin>0.0</ymin>
      <xmax>463.28</xmax>
      <ymax>40.5</ymax>
    </bndbox>
  </object>
  <object>
    <name>beer</name>
    <truncated>0</truncated>
    <occluded>0</occluded>
    <difficult>0</difficult>
    <bndbox>
      <xmin>0.0</xmin>
      <ymin>138.0</ymin>
      <xmax>63.53</xmax>
      <ymax>227.25</ymax>
    </bndbox>
  </object>
</annotation>
