<annotation>
  <folder>frame</folder>
  <filename>frame_000105.PNG</filename>
  <source>
    <database>Unknown</database>
    <annotation>Unknown</annotation>
    <image>Unknown</image>
  </source>
  <size>
    <width>640</width>
    <height>480</height>
    <depth></depth>
  </size>
  <segmented>0</segmented>
  <object>
    <name>beer</name>
    <truncated>0</truncated>
    <occluded>0</occluded>
    <difficult>0</difficult>
    <bndbox>
      <xmin>584.03</xmin>
      <ymin>210.0</ymin>
      <xmax>627.53</xmax>
      <ymax>297.0</ymax>
    </bndbox>
  </object>
  <object>
    <name>beer</name>
    <truncated>0</truncated>
    <occluded>0</occluded>
    <difficult>0</difficult>
    <bndbox>
      <xmin>140.03</xmin>
      <ymin>321.0</ymin>
      <xmax>230.78</xmax>
      <ymax>365.25</ymax>
    </bndbox>
  </object>
  <object>
    <name>beer</name>
    <truncated>0</truncated>
    <occluded>0</occluded>
    <difficult>0</difficult>
    <bndbox>
      <xmin>448.28</xmin>
      <ymin>327.75</ymin>
      <xmax>544.28</xmax>
      <ymax>367.5</ymax>
    </bndbox>
  </object>
  <object>
    <name>beer</name>
    <truncated>0</truncated>
    <occluded>0</occluded>
    <difficult>0</difficult>
    <bndbox>
      <xmin>410.03</xmin>
      <ymin>0.0</ymin>
      <xmax>464.03</xmax>
      <ymax>42.0</ymax>
    </bndbox>
  </object>
</annotation>
