<annotation>
  <folder>frame</folder>
  <filename>frame_000173.PNG</filename>
  <source>
    <database>Unknown</database>
    <annotation>Unknown</annotation>
    <image>Unknown</image>
  </source>
  <size>
    <width>640</width>
    <height>480</height>
    <depth></depth>
  </size>
  <segmented>0</segmented>
  <object>
    <name>beer</name>
    <truncated>0</truncated>
    <occluded>0</occluded>
    <difficult>0</difficult>
    <bndbox>
      <xmin>226.28</xmin>
      <ymin>0.75</ymin>
      <xmax>280.28</xmax>
      <ymax>72.0</ymax>
    </bndbox>
  </object>
  <object>
    <name>beer</name>
    <truncated>0</truncated>
    <occluded>0</occluded>
    <difficult>0</difficult>
    <bndbox>
      <xmin>141.53</xmin>
      <ymin>319.5</ymin>
      <xmax>230.78</xmax>
      <ymax>363.75</ymax>
    </bndbox>
  </object>
  <object>
    <name>beer</name>
    <truncated>0</truncated>
    <occluded>0</occluded>
    <difficult>0</difficult>
    <bndbox>
      <xmin>448.28</xmin>
      <ymin>324.0</ymin>
      <xmax>545.03</xmax>
      <ymax>369.0</ymax>
    </bndbox>
  </object>
</annotation>
