<annotation>
  <folder>frame</folder>
  <filename>frame_000136.PNG</filename>
  <source>
    <database>Unknown</database>
    <annotation>Unknown</annotation>
    <image>Unknown</image>
  </source>
  <size>
    <width>640</width>
    <height>480</height>
    <depth></depth>
  </size>
  <segmented>0</segmented>
  <object>
    <name>beer</name>
    <truncated>0</truncated>
    <occluded>0</occluded>
    <difficult>0</difficult>
    <bndbox>
      <xmin>11.03</xmin>
      <ymin>140.25</ymin>
      <xmax>77.03</xmax>
      <ymax>228.0</ymax>
    </bndbox>
  </object>
  <object>
    <name>beer</name>
    <truncated>0</truncated>
    <occluded>0</occluded>
    <difficult>0</difficult>
    <bndbox>
      <xmin>409.28</xmin>
      <ymin>0.0</ymin>
      <xmax>464.03</xmax>
      <ymax>45.0</ymax>
    </bndbox>
  </object>
</annotation>
