<annotation>
  <folder>frame</folder>
  <filename>frame_000197.PNG</filename>
  <source>
    <database>Unknown</database>
    <annotation>Unknown</annotation>
    <image>Unknown</image>
  </source>
  <size>
    <width>640</width>
    <height>480</height>
    <depth></depth>
  </size>
  <segmented>0</segmented>
  <object>
    <name>beer</name>
    <truncated>0</truncated>
    <occluded>0</occluded>
    <difficult>0</difficult>
    <bndbox>
      <xmin>447.53</xmin>
      <ymin>327.0</ymin>
      <xmax>545.03</xmax>
      <ymax>369.0</ymax>
    </bndbox>
  </object>
  <object>
    <name>beer</name>
    <truncated>0</truncated>
    <occluded>0</occluded>
    <difficult>0</difficult>
    <bndbox>
      <xmin>140.03</xmin>
      <ymin>319.5</ymin>
      <xmax>228.53</xmax>
      <ymax>361.5</ymax>
    </bndbox>
  </object>
</annotation>
