<annotation>
  <folder>frame</folder>
  <filename>frame_000159.PNG</filename>
  <source>
    <database>Unknown</database>
    <annotation>Unknown</annotation>
    <image>Unknown</image>
  </source>
  <size>
    <width>640</width>
    <height>480</height>
    <depth></depth>
  </size>
  <segmented>0</segmented>
  <object>
    <name>beer</name>
    <truncated>0</truncated>
    <occluded>0</occluded>
    <difficult>0</difficult>
    <bndbox>
      <xmin>137.03</xmin>
      <ymin>320.25</ymin>
      <xmax>230.03</xmax>
      <ymax>365.25</ymax>
    </bndbox>
  </object>
  <object>
    <name>beer</name>
    <truncated>0</truncated>
    <occluded>0</occluded>
    <difficult>0</difficult>
    <bndbox>
      <xmin>448.28</xmin>
      <ymin>325.5</ymin>
      <xmax>546.53</xmax>
      <ymax>371.25</ymax>
    </bndbox>
  </object>
</annotation>
