<annotation>
  <folder>frame</folder>
  <filename>frame_000174.PNG</filename>
  <source>
    <database>Unknown</database>
    <annotation>Unknown</annotation>
    <image>Unknown</image>
  </source>
  <size>
    <width>640</width>
    <height>480</height>
    <depth></depth>
  </size>
  <segmented>0</segmented>
  <object>
    <name>beer</name>
    <truncated>0</truncated>
    <occluded>0</occluded>
    <difficult>0</difficult>
    <bndbox>
      <xmin>140.03</xmin>
      <ymin>319.5</ymin>
      <xmax>229.28</xmax>
      <ymax>366.0</ymax>
    </bndbox>
  </object>
  <object>
    <name>beer</name>
    <truncated>0</truncated>
    <occluded>0</occluded>
    <difficult>0</difficult>
    <bndbox>
      <xmin>447.53</xmin>
      <ymin>327.0</ymin>
      <xmax>543.53</xmax>
      <ymax>369.75</ymax>
    </bndbox>
  </object>
  <object>
    <name>beer</name>
    <truncated>0</truncated>
    <occluded>0</occluded>
    <difficult>0</difficult>
    <bndbox>
      <xmin>248.78</xmin>
      <ymin>0.0</ymin>
      <xmax>305.78</xmax>
      <ymax>78.75</ymax>
    </bndbox>
  </object>
</annotation>
