<annotation>
  <folder>frame</folder>
  <filename>frame_000167.PNG</filename>
  <source>
    <database>Unknown</database>
    <annotation>Unknown</annotation>
    <image>Unknown</image>
  </source>
  <size>
    <width>640</width>
    <height>480</height>
    <depth></depth>
  </size>
  <segmented>0</segmented>
  <object>
    <name>beer</name>
    <truncated>0</truncated>
    <occluded>0</occluded>
    <difficult>0</difficult>
    <bndbox>
      <xmin>138.53</xmin>
      <ymin>319.5</ymin>
      <xmax>228.53</xmax>
      <ymax>363.0</ymax>
    </bndbox>
  </object>
  <object>
    <name>beer</name>
    <truncated>0</truncated>
    <occluded>0</occluded>
    <difficult>0</difficult>
    <bndbox>
      <xmin>87.45</xmin>
      <ymin>0.75</ymin>
      <xmax>136.28</xmax>
      <ymax>21.0</ymax>
    </bndbox>
  </object>
  <object>
    <name>beer</name>
    <truncated>0</truncated>
    <occluded>0</occluded>
    <difficult>0</difficult>
    <bndbox>
      <xmin>448.28</xmin>
      <ymin>327.75</ymin>
      <xmax>545.03</xmax>
      <ymax>371.25</ymax>
    </bndbox>
  </object>
</annotation>
