<annotation>
  <folder>frame</folder>
  <filename>frame_000192.PNG</filename>
  <source>
    <database>Unknown</database>
    <annotation>Unknown</annotation>
    <image>Unknown</image>
  </source>
  <size>
    <width>640</width>
    <height>480</height>
    <depth></depth>
  </size>
  <segmented>0</segmented>
  <object>
    <name>beer</name>
    <truncated>0</truncated>
    <occluded>0</occluded>
    <difficult>0</difficult>
    <bndbox>
      <xmin>138.53</xmin>
      <ymin>318.0</ymin>
      <xmax>230.03</xmax>
      <ymax>366.0</ymax>
    </bndbox>
  </object>
  <object>
    <name>beer</name>
    <truncated>0</truncated>
    <occluded>0</occluded>
    <difficult>0</difficult>
    <bndbox>
      <xmin>614.78</xmin>
      <ymin>131.25</ymin>
      <xmax>640.0</xmax>
      <ymax>203.25</ymax>
    </bndbox>
  </object>
  <object>
    <name>beer</name>
    <truncated>0</truncated>
    <occluded>0</occluded>
    <difficult>0</difficult>
    <bndbox>
      <xmin>446.03</xmin>
      <ymin>329.25</ymin>
      <xmax>545.78</xmax>
      <ymax>369.0</ymax>
    </bndbox>
  </object>
</annotation>
