<annotation>
  <folder>frame</folder>
  <filename>frame_000102.PNG</filename>
  <source>
    <database>Unknown</database>
    <annotation>Unknown</annotation>
    <image>Unknown</image>
  </source>
  <size>
    <width>640</width>
    <height>480</height>
    <depth></depth>
  </size>
  <segmented>0</segmented>
  <object>
    <name>beer</name>
    <truncated>0</truncated>
    <occluded>0</occluded>
    <difficult>0</difficult>
    <bndbox>
      <xmin>140.03</xmin>
      <ymin>321.0</ymin>
      <xmax>233.78</xmax>
      <ymax>366.75</ymax>
    </bndbox>
  </object>
  <object>
    <name>beer</name>
    <truncated>0</truncated>
    <occluded>0</occluded>
    <difficult>0</difficult>
    <bndbox>
      <xmin>409.28</xmin>
      <ymin>1.5</ymin>
      <xmax>464.78</xmax>
      <ymax>42.0</ymax>
    </bndbox>
  </object>
  <object>
    <name>beer</name>
    <truncated>0</truncated>
    <occluded>0</occluded>
    <difficult>0</difficult>
    <bndbox>
      <xmin>446.78</xmin>
      <ymin>327.75</ymin>
      <xmax>545.03</xmax>
      <ymax>369.0</ymax>
    </bndbox>
  </object>
</annotation>
