<annotation>
  <folder>frame</folder>
  <filename>frame_000157.PNG</filename>
  <source>
    <database>Unknown</database>
    <annotation>Unknown</annotation>
    <image>Unknown</image>
  </source>
  <size>
    <width>640</width>
    <height>480</height>
    <depth></depth>
  </size>
  <segmented>0</segmented>
  <object>
    <name>beer</name>
    <truncated>0</truncated>
    <occluded>0</occluded>
    <difficult>0</difficult>
    <bndbox>
      <xmin>447.53</xmin>
      <ymin>325.5</ymin>
      <xmax>545.78</xmax>
      <ymax>370.5</ymax>
    </bndbox>
  </object>
  <object>
    <name>beer</name>
    <truncated>0</truncated>
    <occluded>0</occluded>
    <difficult>0</difficult>
    <bndbox>
      <xmin>140.03</xmin>
      <ymin>319.5</ymin>
      <xmax>233.03</xmax>
      <ymax>365.25</ymax>
    </bndbox>
  </object>
</annotation>
