<annotation>
  <folder>frame</folder>
  <filename>frame_000110.PNG</filename>
  <source>
    <database>Unknown</database>
    <annotation>Unknown</annotation>
    <image>Unknown</image>
  </source>
  <size>
    <width>640</width>
    <height>480</height>
    <depth></depth>
  </size>
  <segmented>0</segmented>
  <object>
    <name>beer</name>
    <truncated>0</truncated>
    <occluded>0</occluded>
    <difficult>0</difficult>
    <bndbox>
      <xmin>140.03</xmin>
      <ymin>318.75</ymin>
      <xmax>230.78</xmax>
      <ymax>367.5</ymax>
    </bndbox>
  </object>
  <object>
    <name>beer</name>
    <truncated>0</truncated>
    <occluded>0</occluded>
    <difficult>0</difficult>
    <bndbox>
      <xmin>445.28</xmin>
      <ymin>324.0</ymin>
      <xmax>546.53</xmax>
      <ymax>368.25</ymax>
    </bndbox>
  </object>
  <object>
    <name>beer</name>
    <truncated>0</truncated>
    <occluded>0</occluded>
    <difficult>0</difficult>
    <bndbox>
      <xmin>459.53</xmin>
      <ymin>186.0</ymin>
      <xmax>508.28</xmax>
      <ymax>272.25</ymax>
    </bndbox>
  </object>
  <object>
    <name>beer</name>
    <truncated>0</truncated>
    <occluded>0</occluded>
    <difficult>0</difficult>
    <bndbox>
      <xmin>407.78</xmin>
      <ymin>1.5</ymin>
      <xmax>461.78</xmax>
      <ymax>40.5</ymax>
    </bndbox>
  </object>
</annotation>
