<annotation>
  <folder>frame</folder>
  <filename>frame_000166.PNG</filename>
  <source>
    <database>Unknown</database>
    <annotation>Unknown</annotation>
    <image>Unknown</image>
  </source>
  <size>
    <width>640</width>
    <height>480</height>
    <depth></depth>
  </size>
  <segmented>0</segmented>
  <object>
    <name>beer</name>
    <truncated>0</truncated>
    <occluded>0</occluded>
    <difficult>0</difficult>
    <bndbox>
      <xmin>449.03</xmin>
      <ymin>327.0</ymin>
      <xmax>542.78</xmax>
      <ymax>365.25</ymax>
    </bndbox>
  </object>
  <object>
    <name>beer</name>
    <truncated>0</truncated>
    <occluded>0</occluded>
    <difficult>0</difficult>
    <bndbox>
      <xmin>70.95</xmin>
      <ymin>1.5</ymin>
      <xmax>115.28</xmax>
      <ymax>18.75</ymax>
    </bndbox>
  </object>
  <object>
    <name>beer</name>
    <truncated>0</truncated>
    <occluded>0</occluded>
    <difficult>0</difficult>
    <bndbox>
      <xmin>134.03</xmin>
      <ymin>321.0</ymin>
      <xmax>229.28</xmax>
      <ymax>360.0</ymax>
    </bndbox>
  </object>
</annotation>
