<annotation>
  <folder>frame</folder>
  <filename>frame_000145.PNG</filename>
  <source>
    <database>Unknown</database>
    <annotation>Unknown</annotation>
    <image>Unknown</image>
  </source>
  <size>
    <width>640</width>
    <height>480</height>
    <depth></depth>
  </size>
  <segmented>0</segmented>
  <object>
    <name>beer</name>
    <truncated>0</truncated>
    <occluded>0</occluded>
    <difficult>0</difficult>
    <bndbox>
      <xmin>448.28</xmin>
      <ymin>327.75</ymin>
      <xmax>544.28</xmax>
      <ymax>369.0</ymax>
    </bndbox>
  </object>
  <object>
    <name>beer</name>
    <truncated>0</truncated>
    <occluded>0</occluded>
    <difficult>0</difficult>
    <bndbox>
      <xmin>140.78</xmin>
      <ymin>318.0</ymin>
      <xmax>229.28</xmax>
      <ymax>363.0</ymax>
    </bndbox>
  </object>
</annotation>
