<annotation>
  <folder>frame</folder>
  <filename>frame_000193.PNG</filename>
  <source>
    <database>Unknown</database>
    <annotation>Unknown</annotation>
    <image>Unknown</image>
  </source>
  <size>
    <width>640</width>
    <height>480</height>
    <depth></depth>
  </size>
  <segmented>0</segmented>
  <object>
    <name>beer</name>
    <truncated>0</truncated>
    <occluded>0</occluded>
    <difficult>0</difficult>
    <bndbox>
      <xmin>140.03</xmin>
      <ymin>321.0</ymin>
      <xmax>227.78</xmax>
      <ymax>362.25</ymax>
    </bndbox>
  </object>
  <object>
    <name>beer</name>
    <truncated>0</truncated>
    <occluded>0</occluded>
    <difficult>0</difficult>
    <bndbox>
      <xmin>449.78</xmin>
      <ymin>327.0</ymin>
      <xmax>545.03</xmax>
      <ymax>366.0</ymax>
    </bndbox>
  </object>
</annotation>
