<annotation>
  <folder>frame</folder>
  <filename>frame_000168.PNG</filename>
  <source>
    <database>Unknown</database>
    <annotation>Unknown</annotation>
    <image>Unknown</image>
  </source>
  <size>
    <width>640</width>
    <height>480</height>
    <depth></depth>
  </size>
  <segmented>0</segmented>
  <object>
    <name>beer</name>
    <truncated>0</truncated>
    <occluded>0</occluded>
    <difficult>0</difficult>
    <bndbox>
      <xmin>447.53</xmin>
      <ymin>327.0</ymin>
      <xmax>543.53</xmax>
      <ymax>370.5</ymax>
    </bndbox>
  </object>
  <object>
    <name>beer</name>
    <truncated>0</truncated>
    <occluded>0</occluded>
    <difficult>0</difficult>
    <bndbox>
      <xmin>137.03</xmin>
      <ymin>319.5</ymin>
      <xmax>230.03</xmax>
      <ymax>363.75</ymax>
    </bndbox>
  </object>
  <object>
    <name>beer</name>
    <truncated>0</truncated>
    <occluded>0</occluded>
    <difficult>0</difficult>
    <bndbox>
      <xmin>109.95</xmin>
      <ymin>1.5</ymin>
      <xmax>162.53</xmax>
      <ymax>30.75</ymax>
    </bndbox>
  </object>
</annotation>
