<annotation>
  <folder>frame</folder>
  <filename>frame_000187.PNG</filename>
  <source>
    <database>Unknown</database>
    <annotation>Unknown</annotation>
    <image>Unknown</image>
  </source>
  <size>
    <width>640</width>
    <height>480</height>
    <depth></depth>
  </size>
  <segmented>0</segmented>
  <object>
    <name>beer</name>
    <truncated>0</truncated>
    <occluded>0</occluded>
    <difficult>0</difficult>
    <bndbox>
      <xmin>519.53</xmin>
      <ymin>83.25</ymin>
      <xmax>578.78</xmax>
      <ymax>173.25</ymax>
    </bndbox>
  </object>
  <object>
    <name>beer</name>
    <truncated>0</truncated>
    <occluded>0</occluded>
    <difficult>0</difficult>
    <bndbox>
      <xmin>446.03</xmin>
      <ymin>328.5</ymin>
      <xmax>546.53</xmax>
      <ymax>366.75</ymax>
    </bndbox>
  </object>
  <object>
    <name>beer</name>
    <truncated>0</truncated>
    <occluded>0</occluded>
    <difficult>0</difficult>
    <bndbox>
      <xmin>138.53</xmin>
      <ymin>320.25</ymin>
      <xmax>230.03</xmax>
      <ymax>367.5</ymax>
    </bndbox>
  </object>
</annotation>
