<annotation>
  <folder>frame</folder>
  <filename>frame_000181.PNG</filename>
  <source>
    <database>Unknown</database>
    <annotation>Unknown</annotation>
    <image>Unknown</image>
  </source>
  <size>
    <width>640</width>
    <height>480</height>
    <depth></depth>
  </size>
  <segmented>0</segmented>
  <object>
    <name>beer</name>
    <truncated>0</truncated>
    <occluded>0</occluded>
    <difficult>0</difficult>
    <bndbox>
      <xmin>446.03</xmin>
      <ymin>326.25</ymin>
      <xmax>544.28</xmax>
      <ymax>369.0</ymax>
    </bndbox>
  </object>
  <object>
    <name>beer</name>
    <truncated>0</truncated>
    <occluded>0</occluded>
    <difficult>0</difficult>
    <bndbox>
      <xmin>141.53</xmin>
      <ymin>319.5</ymin>
      <xmax>231.53</xmax>
      <ymax>363.75</ymax>
    </bndbox>
  </object>
  <object>
    <name>beer</name>
    <truncated>0</truncated>
    <occluded>0</occluded>
    <difficult>0</difficult>
    <bndbox>
      <xmin>398.03</xmin>
      <ymin>44.25</ymin>
      <xmax>459.53</xmax>
      <ymax>132.0</ymax>
    </bndbox>
  </object>
</annotation>
