<annotation>
  <folder>frame</folder>
  <filename>frame_000090.PNG</filename>
  <source>
    <database>Unknown</database>
    <annotation>Unknown</annotation>
    <image>Unknown</image>
  </source>
  <size>
    <width>640</width>
    <height>480</height>
    <depth></depth>
  </size>
  <segmented>0</segmented>
  <object>
    <name>cola</name>
    <truncated>0</truncated>
    <occluded>0</occluded>
    <difficult>0</difficult>
    <bndbox>
      <xmin>0.0</xmin>
      <ymin>113.77</ymin>
      <xmax>14.37</xmax>
      <ymax>194.01</ymax>
    </bndbox>
  </object>
  <object>
    <name>cola</name>
    <truncated>0</truncated>
    <occluded>0</occluded>
    <difficult>0</difficult>
    <bndbox>
      <xmin>6.88</xmin>
      <ymin>107.35</ymin>
      <xmax>74.29</xmax>
      <ymax>192.95</ymax>
    </bndbox>
  </object>
  <object>
    <name>beer</name>
    <truncated>0</truncated>
    <occluded>0</occluded>
    <difficult>0</difficult>
    <bndbox>
      <xmin>138.49</xmin>
      <ymin>323.48</ymin>
      <xmax>228.36</xmax>
      <ymax>366.27</ymax>
    </bndbox>
  </object>
  <object>
    <name>beer</name>
    <truncated>0</truncated>
    <occluded>0</occluded>
    <difficult>0</difficult>
    <bndbox>
      <xmin>446.63</xmin>
      <ymin>326.69</ymin>
      <xmax>546.13</xmax>
      <ymax>371.62</ymax>
    </bndbox>
  </object>
  <object>
    <name>beer</name>
    <truncated>0</truncated>
    <occluded>0</occluded>
    <difficult>0</difficult>
    <bndbox>
      <xmin>408.11</xmin>
      <ymin>0.0</ymin>
      <xmax>460.54</xmax>
      <ymax>45.29</ymax>
    </bndbox>
  </object>
</annotation>
