<annotation>
  <folder>frame</folder>
  <filename>frame_000048.PNG</filename>
  <source>
    <database>Unknown</database>
    <annotation>Unknown</annotation>
    <image>Unknown</image>
  </source>
  <size>
    <width>640</width>
    <height>480</height>
    <depth></depth>
  </size>
  <segmented>0</segmented>
  <object>
    <name>beer</name>
    <truncated>0</truncated>
    <occluded>0</occluded>
    <difficult>0</difficult>
    <bndbox>
      <xmin>139.56</xmin>
      <ymin>318.13</ymin>
      <xmax>231.57</xmax>
      <ymax>364.13</ymax>
    </bndbox>
  </object>
  <object>
    <name>beer</name>
    <truncated>0</truncated>
    <occluded>0</occluded>
    <difficult>0</difficult>
    <bndbox>
      <xmin>446.63</xmin>
      <ymin>323.48</ymin>
      <xmax>545.06</xmax>
      <ymax>368.41</ymax>
    </bndbox>
  </object>
  <object>
    <name>beer</name>
    <truncated>0</truncated>
    <occluded>0</occluded>
    <difficult>0</difficult>
    <bndbox>
      <xmin>397.41</xmin>
      <ymin>0.0</ymin>
      <xmax>461.61</xmax>
      <ymax>39.94</ymax>
    </bndbox>
  </object>
  <object>
    <name>cola</name>
    <truncated>0</truncated>
    <occluded>0</occluded>
    <difficult>0</difficult>
    <bndbox>
      <xmin>426.3</xmin>
      <ymin>174.76</ymin>
      <xmax>489.42</xmax>
      <ymax>263.56</ymax>
    </bndbox>
  </object>
  <object>
    <name>cola</name>
    <truncated>0</truncated>
    <occluded>0</occluded>
    <difficult>0</difficult>
    <bndbox>
      <xmin>477.65</xmin>
      <ymin>182.25</ymin>
      <xmax>532.22</xmax>
      <ymax>265.7</ymax>
    </bndbox>
  </object>
</annotation>
