<annotation>
  <folder>frame</folder>
  <filename>frame_000072.PNG</filename>
  <source>
    <database>Unknown</database>
    <annotation>Unknown</annotation>
    <image>Unknown</image>
  </source>
  <size>
    <width>640</width>
    <height>480</height>
    <depth></depth>
  </size>
  <segmented>0</segmented>
  <object>
    <name>beer</name>
    <truncated>0</truncated>
    <occluded>0</occluded>
    <difficult>0</difficult>
    <bndbox>
      <xmin>137.42</xmin>
      <ymin>319.2</ymin>
      <xmax>229.43</xmax>
      <ymax>359.85</ymax>
    </bndbox>
  </object>
  <object>
    <name>beer</name>
    <truncated>0</truncated>
    <occluded>0</occluded>
    <difficult>0</difficult>
    <bndbox>
      <xmin>450.91</xmin>
      <ymin>328.83</ymin>
      <xmax>544.0</xmax>
      <ymax>369.5</ymax>
    </bndbox>
  </object>
  <object>
    <name>cola</name>
    <truncated>0</truncated>
    <occluded>0</occluded>
    <difficult>0</difficult>
    <bndbox>
      <xmin>107.46</xmin>
      <ymin>129.82</ymin>
      <xmax>167.37</xmax>
      <ymax>216.48</ymax>
    </bndbox>
  </object>
  <object>
    <name>cola</name>
    <truncated>0</truncated>
    <occluded>0</occluded>
    <difficult>0</difficult>
    <bndbox>
      <xmin>162.02</xmin>
      <ymin>131.96</ymin>
      <xmax>221.94</xmax>
      <ymax>217.55</ymax>
    </bndbox>
  </object>
  <object>
    <name>beer</name>
    <truncated>0</truncated>
    <occluded>0</occluded>
    <difficult>0</difficult>
    <bndbox>
      <xmin>408.11</xmin>
      <ymin>0.0</ymin>
      <xmax>464.81</xmax>
      <ymax>41.01</ymax>
    </bndbox>
  </object>
</annotation>
