<annotation>
  <folder>frame</folder>
  <filename>frame_000099.PNG</filename>
  <source>
    <database>Unknown</database>
    <annotation>Unknown</annotation>
    <image>Unknown</image>
  </source>
  <size>
    <width>640</width>
    <height>480</height>
    <depth></depth>
  </size>
  <segmented>0</segmented>
  <object>
    <name>cola</name>
    <truncated>0</truncated>
    <occluded>0</occluded>
    <difficult>0</difficult>
    <bndbox>
      <xmin>0.0</xmin>
      <ymin>103.57</ymin>
      <xmax>23.06</xmax>
      <ymax>184.36</ymax>
    </bndbox>
  </object>
  <object>
    <name>beer</name>
    <truncated>0</truncated>
    <occluded>0</occluded>
    <difficult>0</difficult>
    <bndbox>
      <xmin>137.12</xmin>
      <ymin>319.33</ymin>
      <xmax>232.17</xmax>
      <ymax>364.95</ymax>
    </bndbox>
  </object>
  <object>
    <name>beer</name>
    <truncated>0</truncated>
    <occluded>0</occluded>
    <difficult>0</difficult>
    <bndbox>
      <xmin>449.83</xmin>
      <ymin>325.98</ymin>
      <xmax>543.93</xmax>
      <ymax>367.81</ymax>
    </bndbox>
  </object>
  <object>
    <name>beer</name>
    <truncated>0</truncated>
    <occluded>0</occluded>
    <difficult>0</difficult>
    <bndbox>
      <xmin>409.91</xmin>
      <ymin>0.0</ymin>
      <xmax>465.04</xmax>
      <ymax>41.79</ymax>
    </bndbox>
  </object>
</annotation>
