<annotation>
  <folder>frame</folder>
  <filename>frame_000078.PNG</filename>
  <source>
    <database>Unknown</database>
    <annotation>Unknown</annotation>
    <image>Unknown</image>
  </source>
  <size>
    <width>640</width>
    <height>480</height>
    <depth></depth>
  </size>
  <segmented>0</segmented>
  <object>
    <name>cola</name>
    <truncated>0</truncated>
    <occluded>0</occluded>
    <difficult>0</difficult>
    <bndbox>
      <xmin>47.54</xmin>
      <ymin>121.26</ymin>
      <xmax>107.46</xmax>
      <ymax>210.06</ymax>
    </bndbox>
  </object>
  <object>
    <name>cola</name>
    <truncated>0</truncated>
    <occluded>0</occluded>
    <difficult>0</difficult>
    <bndbox>
      <xmin>102.11</xmin>
      <ymin>122.33</ymin>
      <xmax>163.09</xmax>
      <ymax>207.92</ymax>
    </bndbox>
  </object>
  <object>
    <name>beer</name>
    <truncated>0</truncated>
    <occluded>0</occluded>
    <difficult>0</difficult>
    <bndbox>
      <xmin>141.7</xmin>
      <ymin>321.34</ymin>
      <xmax>230.5</xmax>
      <ymax>364.13</ymax>
    </bndbox>
  </object>
  <object>
    <name>beer</name>
    <truncated>0</truncated>
    <occluded>0</occluded>
    <difficult>0</difficult>
    <bndbox>
      <xmin>448.77</xmin>
      <ymin>325.62</ymin>
      <xmax>543.99</xmax>
      <ymax>370.55</ymax>
    </bndbox>
  </object>
  <object>
    <name>beer</name>
    <truncated>0</truncated>
    <occluded>0</occluded>
    <difficult>0</difficult>
    <bndbox>
      <xmin>412.39</xmin>
      <ymin>0.0</ymin>
      <xmax>465.88</xmax>
      <ymax>41.01</ymax>
    </bndbox>
  </object>
</annotation>
