<annotation>
  <folder>frame</folder>
  <filename>frame_000040.PNG</filename>
  <source>
    <database>Unknown</database>
    <annotation>Unknown</annotation>
    <image>Unknown</image>
  </source>
  <size>
    <width>640</width>
    <height>480</height>
    <depth></depth>
  </size>
  <segmented>0</segmented>
  <object>
    <name>beer</name>
    <truncated>0</truncated>
    <occluded>0</occluded>
    <difficult>0</difficult>
    <bndbox>
      <xmin>142.76</xmin>
      <ymin>319.2</ymin>
      <xmax>233.71</xmax>
      <ymax>366.27</ymax>
    </bndbox>
  </object>
  <object>
    <name>beer</name>
    <truncated>0</truncated>
    <occluded>0</occluded>
    <difficult>0</difficult>
    <bndbox>
      <xmin>448.77</xmin>
      <ymin>325.62</ymin>
      <xmax>543.99</xmax>
      <ymax>371.62</ymax>
    </bndbox>
  </object>
  <object>
    <name>beer</name>
    <truncated>0</truncated>
    <occluded>0</occluded>
    <difficult>0</difficult>
    <bndbox>
      <xmin>389.92</xmin>
      <ymin>0.0</ymin>
      <xmax>454.12</xmax>
      <ymax>45.29</ymax>
    </bndbox>
  </object>
  <object>
    <name>cola</name>
    <truncated>0</truncated>
    <occluded>0</occluded>
    <difficult>0</difficult>
    <bndbox>
      <xmin>599.63</xmin>
      <ymin>207.92</ymin>
      <xmax>640.0</xmax>
      <ymax>278.54</ymax>
    </bndbox>
  </object>
</annotation>
