<annotation>
  <folder>frame</folder>
  <filename>frame_000095.PNG</filename>
  <source>
    <database>Unknown</database>
    <annotation>Unknown</annotation>
    <image>Unknown</image>
  </source>
  <size>
    <width>640</width>
    <height>480</height>
    <depth></depth>
  </size>
  <segmented>0</segmented>
  <object>
    <name>cola</name>
    <truncated>0</truncated>
    <occluded>0</occluded>
    <difficult>0</difficult>
    <bndbox>
      <xmin>0.0</xmin>
      <ymin>100.72</ymin>
      <xmax>43.97</xmax>
      <ymax>200.52</ymax>
    </bndbox>
  </object>
  <object>
    <name>beer</name>
    <truncated>0</truncated>
    <occluded>0</occluded>
    <difficult>0</difficult>
    <bndbox>
      <xmin>137.12</xmin>
      <ymin>319.33</ymin>
      <xmax>234.07</xmax>
      <ymax>363.05</ymax>
    </bndbox>
  </object>
  <object>
    <name>beer</name>
    <truncated>0</truncated>
    <occluded>0</occluded>
    <difficult>0</difficult>
    <bndbox>
      <xmin>447.93</xmin>
      <ymin>326.93</ymin>
      <xmax>541.08</xmax>
      <ymax>374.46</ymax>
    </bndbox>
  </object>
  <object>
    <name>beer</name>
    <truncated>0</truncated>
    <occluded>0</occluded>
    <difficult>0</difficult>
    <bndbox>
      <xmin>409.91</xmin>
      <ymin>0.0</ymin>
      <xmax>464.09</xmax>
      <ymax>44.64</ymax>
    </bndbox>
  </object>
</annotation>
