<annotation>
  <folder>frame</folder>
  <filename>frame_000050.PNG</filename>
  <source>
    <database>Unknown</database>
    <annotation>Unknown</annotation>
    <image>Unknown</image>
  </source>
  <size>
    <width>640</width>
    <height>480</height>
    <depth></depth>
  </size>
  <segmented>0</segmented>
  <object>
    <name>beer</name>
    <truncated>0</truncated>
    <occluded>0</occluded>
    <difficult>0</difficult>
    <bndbox>
      <xmin>140.62</xmin>
      <ymin>320.27</ymin>
      <xmax>230.5</xmax>
      <ymax>366.27</ymax>
    </bndbox>
  </object>
  <object>
    <name>beer</name>
    <truncated>0</truncated>
    <occluded>0</occluded>
    <difficult>0</difficult>
    <bndbox>
      <xmin>451.98</xmin>
      <ymin>329.9</ymin>
      <xmax>543.99</xmax>
      <ymax>373.76</ymax>
    </bndbox>
  </object>
  <object>
    <name>beer</name>
    <truncated>0</truncated>
    <occluded>0</occluded>
    <difficult>0</difficult>
    <bndbox>
      <xmin>403.83</xmin>
      <ymin>0.0</ymin>
      <xmax>462.67</xmax>
      <ymax>41.01</ymax>
    </bndbox>
  </object>
  <object>
    <name>cola</name>
    <truncated>0</truncated>
    <occluded>0</occluded>
    <difficult>0</difficult>
    <bndbox>
      <xmin>396.34</xmin>
      <ymin>169.41</ymin>
      <xmax>453.04</xmax>
      <ymax>259.28</ymax>
    </bndbox>
  </object>
  <object>
    <name>cola</name>
    <truncated>0</truncated>
    <occluded>0</occluded>
    <difficult>0</difficult>
    <bndbox>
      <xmin>447.7</xmin>
      <ymin>176.9</ymin>
      <xmax>500.12</xmax>
      <ymax>259.28</ymax>
    </bndbox>
  </object>
</annotation>
