<annotation>
  <folder>frame</folder>
  <filename>frame_000058.PNG</filename>
  <source>
    <database>Unknown</database>
    <annotation>Unknown</annotation>
    <image>Unknown</image>
  </source>
  <size>
    <width>640</width>
    <height>480</height>
    <depth></depth>
  </size>
  <segmented>0</segmented>
  <object>
    <name>beer</name>
    <truncated>0</truncated>
    <occluded>0</occluded>
    <difficult>0</difficult>
    <bndbox>
      <xmin>138.49</xmin>
      <ymin>317.06</ymin>
      <xmax>235.85</xmax>
      <ymax>364.13</ymax>
    </bndbox>
  </object>
  <object>
    <name>beer</name>
    <truncated>0</truncated>
    <occluded>0</occluded>
    <difficult>0</difficult>
    <bndbox>
      <xmin>449.84</xmin>
      <ymin>328.83</ymin>
      <xmax>548.27</xmax>
      <ymax>370.55</ymax>
    </bndbox>
  </object>
  <object>
    <name>beer</name>
    <truncated>0</truncated>
    <occluded>0</occluded>
    <difficult>0</difficult>
    <bndbox>
      <xmin>403.83</xmin>
      <ymin>0.0</ymin>
      <xmax>466.95</xmax>
      <ymax>43.15</ymax>
    </bndbox>
  </object>
  <object>
    <name>cola</name>
    <truncated>0</truncated>
    <occluded>0</occluded>
    <difficult>0</difficult>
    <bndbox>
      <xmin>284.0</xmin>
      <ymin>153.36</ymin>
      <xmax>337.49</xmax>
      <ymax>244.3</ymax>
    </bndbox>
  </object>
  <object>
    <name>cola</name>
    <truncated>0</truncated>
    <occluded>0</occluded>
    <difficult>0</difficult>
    <bndbox>
      <xmin>328.93</xmin>
      <ymin>157.64</ymin>
      <xmax>383.5</xmax>
      <ymax>244.3</ymax>
    </bndbox>
  </object>
</annotation>
