<annotation>
  <folder>frame</folder>
  <filename>frame_000073.PNG</filename>
  <source>
    <database>Unknown</database>
    <annotation>Unknown</annotation>
    <image>Unknown</image>
  </source>
  <size>
    <width>640</width>
    <height>480</height>
    <depth></depth>
  </size>
  <segmented>0</segmented>
  <object>
    <name>beer</name>
    <truncated>0</truncated>
    <occluded>0</occluded>
    <difficult>0</difficult>
    <bndbox>
      <xmin>139.56</xmin>
      <ymin>319.2</ymin>
      <xmax>232.64</xmax>
      <ymax>364.13</ymax>
    </bndbox>
  </object>
  <object>
    <name>beer</name>
    <truncated>0</truncated>
    <occluded>0</occluded>
    <difficult>0</difficult>
    <bndbox>
      <xmin>447.7</xmin>
      <ymin>325.62</ymin>
      <xmax>540.78</xmax>
      <ymax>369.48</ymax>
    </bndbox>
  </object>
  <object>
    <name>cola</name>
    <truncated>0</truncated>
    <occluded>0</occluded>
    <difficult>0</difficult>
    <bndbox>
      <xmin>96.76</xmin>
      <ymin>128.75</ymin>
      <xmax>156.67</xmax>
      <ymax>214.34</ymax>
    </bndbox>
  </object>
  <object>
    <name>cola</name>
    <truncated>0</truncated>
    <occluded>0</occluded>
    <difficult>0</difficult>
    <bndbox>
      <xmin>148.12</xmin>
      <ymin>129.82</ymin>
      <xmax>210.17</xmax>
      <ymax>215.41</ymax>
    </bndbox>
  </object>
  <object>
    <name>beer</name>
    <truncated>0</truncated>
    <occluded>0</occluded>
    <difficult>0</difficult>
    <bndbox>
      <xmin>410.25</xmin>
      <ymin>0.36</ymin>
      <xmax>463.75</xmax>
      <ymax>41.01</ymax>
    </bndbox>
  </object>
</annotation>
