<annotation>
  <folder>frame</folder>
  <filename>frame_000045.PNG</filename>
  <source>
    <database>Unknown</database>
    <annotation>Unknown</annotation>
    <image>Unknown</image>
  </source>
  <size>
    <width>640</width>
    <height>480</height>
    <depth></depth>
  </size>
  <segmented>0</segmented>
  <object>
    <name>beer</name>
    <truncated>0</truncated>
    <occluded>0</occluded>
    <difficult>0</difficult>
    <bndbox>
      <xmin>140.62</xmin>
      <ymin>320.27</ymin>
      <xmax>229.43</xmax>
      <ymax>364.13</ymax>
    </bndbox>
  </object>
  <object>
    <name>beer</name>
    <truncated>0</truncated>
    <occluded>0</occluded>
    <difficult>0</difficult>
    <bndbox>
      <xmin>448.77</xmin>
      <ymin>326.69</ymin>
      <xmax>543.99</xmax>
      <ymax>371.62</ymax>
    </bndbox>
  </object>
  <object>
    <name>beer</name>
    <truncated>0</truncated>
    <occluded>0</occluded>
    <difficult>0</difficult>
    <bndbox>
      <xmin>394.2</xmin>
      <ymin>0.0</ymin>
      <xmax>453.05</xmax>
      <ymax>43.2</ymax>
    </bndbox>
  </object>
  <object>
    <name>cola</name>
    <truncated>0</truncated>
    <occluded>0</occluded>
    <difficult>0</difficult>
    <bndbox>
      <xmin>485.14</xmin>
      <ymin>182.25</ymin>
      <xmax>538.64</xmax>
      <ymax>273.19</ymax>
    </bndbox>
  </object>
  <object>
    <name>cola</name>
    <truncated>0</truncated>
    <occluded>0</occluded>
    <difficult>0</difficult>
    <bndbox>
      <xmin>534.36</xmin>
      <ymin>184.39</ymin>
      <xmax>586.79</xmax>
      <ymax>271.05</ymax>
    </bndbox>
  </object>
</annotation>
