<annotation>
  <folder>frame</folder>
  <filename>frame_000093.PNG</filename>
  <source>
    <database>Unknown</database>
    <annotation>Unknown</annotation>
    <image>Unknown</image>
  </source>
  <size>
    <width>640</width>
    <height>480</height>
    <depth></depth>
  </size>
  <segmented>0</segmented>
  <object>
    <name>cola</name>
    <truncated>0</truncated>
    <occluded>0</occluded>
    <difficult>0</difficult>
    <bndbox>
      <xmin>0.0</xmin>
      <ymin>101.67</ymin>
      <xmax>53.48</xmax>
      <ymax>189.11</ymax>
    </bndbox>
  </object>
  <object>
    <name>beer</name>
    <truncated>0</truncated>
    <occluded>0</occluded>
    <difficult>0</difficult>
    <bndbox>
      <xmin>139.02</xmin>
      <ymin>321.23</ymin>
      <xmax>235.02</xmax>
      <ymax>364.0</ymax>
    </bndbox>
  </object>
  <object>
    <name>beer</name>
    <truncated>0</truncated>
    <occluded>0</occluded>
    <difficult>0</difficult>
    <bndbox>
      <xmin>450.78</xmin>
      <ymin>327.88</ymin>
      <xmax>543.93</xmax>
      <ymax>368.76</ymax>
    </bndbox>
  </object>
  <object>
    <name>beer</name>
    <truncated>0</truncated>
    <occluded>0</occluded>
    <difficult>0</difficult>
    <bndbox>
      <xmin>407.06</xmin>
      <ymin>0.0</ymin>
      <xmax>463.14</xmax>
      <ymax>40.83</ymax>
    </bndbox>
  </object>
</annotation>
