<annotation>
  <folder>frame</folder>
  <filename>frame_000079.PNG</filename>
  <source>
    <database>Unknown</database>
    <annotation>Unknown</annotation>
    <image>Unknown</image>
  </source>
  <size>
    <width>640</width>
    <height>480</height>
    <depth></depth>
  </size>
  <segmented>0</segmented>
  <object>
    <name>cola</name>
    <truncated>0</truncated>
    <occluded>0</occluded>
    <difficult>0</difficult>
    <bndbox>
      <xmin>40.05</xmin>
      <ymin>120.19</ymin>
      <xmax>96.76</xmax>
      <ymax>207.92</ymax>
    </bndbox>
  </object>
  <object>
    <name>cola</name>
    <truncated>0</truncated>
    <occluded>0</occluded>
    <difficult>0</difficult>
    <bndbox>
      <xmin>92.48</xmin>
      <ymin>120.19</ymin>
      <xmax>156.67</xmax>
      <ymax>204.71</ymax>
    </bndbox>
  </object>
  <object>
    <name>beer</name>
    <truncated>0</truncated>
    <occluded>0</occluded>
    <difficult>0</difficult>
    <bndbox>
      <xmin>140.62</xmin>
      <ymin>319.2</ymin>
      <xmax>229.43</xmax>
      <ymax>365.2</ymax>
    </bndbox>
  </object>
  <object>
    <name>beer</name>
    <truncated>0</truncated>
    <occluded>0</occluded>
    <difficult>0</difficult>
    <bndbox>
      <xmin>449.84</xmin>
      <ymin>325.62</ymin>
      <xmax>540.78</xmax>
      <ymax>369.48</ymax>
    </bndbox>
  </object>
  <object>
    <name>beer</name>
    <truncated>0</truncated>
    <occluded>0</occluded>
    <difficult>0</difficult>
    <bndbox>
      <xmin>412.39</xmin>
      <ymin>0.0</ymin>
      <xmax>468.02</xmax>
      <ymax>41.01</ymax>
    </bndbox>
  </object>
</annotation>
