<annotation>
  <folder>frame</folder>
  <filename>frame_000044.PNG</filename>
  <source>
    <database>Unknown</database>
    <annotation>Unknown</annotation>
    <image>Unknown</image>
  </source>
  <size>
    <width>640</width>
    <height>480</height>
    <depth></depth>
  </size>
  <segmented>0</segmented>
  <object>
    <name>beer</name>
    <truncated>0</truncated>
    <occluded>0</occluded>
    <difficult>0</difficult>
    <bndbox>
      <xmin>140.62</xmin>
      <ymin>318.13</ymin>
      <xmax>236.92</xmax>
      <ymax>364.13</ymax>
    </bndbox>
  </object>
  <object>
    <name>beer</name>
    <truncated>0</truncated>
    <occluded>0</occluded>
    <difficult>0</difficult>
    <bndbox>
      <xmin>450.91</xmin>
      <ymin>325.62</ymin>
      <xmax>540.78</xmax>
      <ymax>371.62</ymax>
    </bndbox>
  </object>
  <object>
    <name>beer</name>
    <truncated>0</truncated>
    <occluded>0</occluded>
    <difficult>0</difficult>
    <bndbox>
      <xmin>396.34</xmin>
      <ymin>0.0</ymin>
      <xmax>454.12</xmax>
      <ymax>43.15</ymax>
    </bndbox>
  </object>
  <object>
    <name>cola</name>
    <truncated>0</truncated>
    <occluded>0</occluded>
    <difficult>0</difficult>
    <bndbox>
      <xmin>501.19</xmin>
      <ymin>190.8</ymin>
      <xmax>560.04</xmax>
      <ymax>273.19</ymax>
    </bndbox>
  </object>
  <object>
    <name>cola</name>
    <truncated>0</truncated>
    <occluded>0</occluded>
    <difficult>0</difficult>
    <bndbox>
      <xmin>558.97</xmin>
      <ymin>195.08</ymin>
      <xmax>609.26</xmax>
      <ymax>276.4</ymax>
    </bndbox>
  </object>
</annotation>
