<annotation>
  <folder>frame</folder>
  <filename>frame_000097.PNG</filename>
  <source>
    <database>Unknown</database>
    <annotation>Unknown</annotation>
    <image>Unknown</image>
  </source>
  <size>
    <width>640</width>
    <height>480</height>
    <depth></depth>
  </size>
  <segmented>0</segmented>
  <object>
    <name>cola</name>
    <truncated>0</truncated>
    <occluded>0</occluded>
    <difficult>0</difficult>
    <bndbox>
      <xmin>0.0</xmin>
      <ymin>100.72</ymin>
      <xmax>30.67</xmax>
      <ymax>184.36</ymax>
    </bndbox>
  </object>
  <object>
    <name>beer</name>
    <truncated>0</truncated>
    <occluded>0</occluded>
    <difficult>0</difficult>
    <bndbox>
      <xmin>139.02</xmin>
      <ymin>320.28</ymin>
      <xmax>235.02</xmax>
      <ymax>364.0</ymax>
    </bndbox>
  </object>
  <object>
    <name>beer</name>
    <truncated>0</truncated>
    <occluded>0</occluded>
    <difficult>0</difficult>
    <bndbox>
      <xmin>450.78</xmin>
      <ymin>326.93</ymin>
      <xmax>544.88</xmax>
      <ymax>370.66</ymax>
    </bndbox>
  </object>
  <object>
    <name>beer</name>
    <truncated>0</truncated>
    <occluded>0</occluded>
    <difficult>0</difficult>
    <bndbox>
      <xmin>410.86</xmin>
      <ymin>0.0</ymin>
      <xmax>464.09</xmax>
      <ymax>40.83</ymax>
    </bndbox>
  </object>
</annotation>
