<annotation>
  <folder>frame</folder>
  <filename>frame_000083.PNG</filename>
  <source>
    <database>Unknown</database>
    <annotation>Unknown</annotation>
    <image>Unknown</image>
  </source>
  <size>
    <width>640</width>
    <height>480</height>
    <depth></depth>
  </size>
  <segmented>0</segmented>
  <object>
    <name>cola</name>
    <truncated>0</truncated>
    <occluded>0</occluded>
    <difficult>0</difficult>
    <bndbox>
      <xmin>1.53</xmin>
      <ymin>114.84</ymin>
      <xmax>65.73</xmax>
      <ymax>202.57</ymax>
    </bndbox>
  </object>
  <object>
    <name>cola</name>
    <truncated>0</truncated>
    <occluded>0</occluded>
    <difficult>0</difficult>
    <bndbox>
      <xmin>59.31</xmin>
      <ymin>112.7</ymin>
      <xmax>124.58</xmax>
      <ymax>200.43</ymax>
    </bndbox>
  </object>
  <object>
    <name>beer</name>
    <truncated>0</truncated>
    <occluded>0</occluded>
    <difficult>0</difficult>
    <bndbox>
      <xmin>138.49</xmin>
      <ymin>319.2</ymin>
      <xmax>229.43</xmax>
      <ymax>363.06</ymax>
    </bndbox>
  </object>
  <object>
    <name>beer</name>
    <truncated>0</truncated>
    <occluded>0</occluded>
    <difficult>0</difficult>
    <bndbox>
      <xmin>446.63</xmin>
      <ymin>323.48</ymin>
      <xmax>543.99</xmax>
      <ymax>371.62</ymax>
    </bndbox>
  </object>
  <object>
    <name>beer</name>
    <truncated>0</truncated>
    <occluded>0</occluded>
    <difficult>0</difficult>
    <bndbox>
      <xmin>405.97</xmin>
      <ymin>0.0</ymin>
      <xmax>471.23</xmax>
      <ymax>45.29</ymax>
    </bndbox>
  </object>
</annotation>
