<annotation>
  <folder>frame</folder>
  <filename>frame_000061.PNG</filename>
  <source>
    <database>Unknown</database>
    <annotation>Unknown</annotation>
    <image>Unknown</image>
  </source>
  <size>
    <width>640</width>
    <height>480</height>
    <depth></depth>
  </size>
  <segmented>0</segmented>
  <object>
    <name>beer</name>
    <truncated>0</truncated>
    <occluded>0</occluded>
    <difficult>0</difficult>
    <bndbox>
      <xmin>136.35</xmin>
      <ymin>321.34</ymin>
      <xmax>233.71</xmax>
      <ymax>366.27</ymax>
    </bndbox>
  </object>
  <object>
    <name>cola</name>
    <truncated>0</truncated>
    <occluded>0</occluded>
    <difficult>0</difficult>
    <bndbox>
      <xmin>448.77</xmin>
      <ymin>326.69</ymin>
      <xmax>545.06</xmax>
      <ymax>373.76</ymax>
    </bndbox>
  </object>
  <object>
    <name>cola</name>
    <truncated>0</truncated>
    <occluded>0</occluded>
    <difficult>0</difficult>
    <bndbox>
      <xmin>243.34</xmin>
      <ymin>148.01</ymin>
      <xmax>295.77</xmax>
      <ymax>233.6</ymax>
    </bndbox>
  </object>
  <object>
    <name>beer</name>
    <truncated>0</truncated>
    <occluded>0</occluded>
    <difficult>0</difficult>
    <bndbox>
      <xmin>289.35</xmin>
      <ymin>154.43</ymin>
      <xmax>344.98</xmax>
      <ymax>242.16</ymax>
    </bndbox>
  </object>
  <object>
    <name>beer</name>
    <truncated>0</truncated>
    <occluded>0</occluded>
    <difficult>0</difficult>
    <bndbox>
      <xmin>410.25</xmin>
      <ymin>0.0</ymin>
      <xmax>463.75</xmax>
      <ymax>38.88</ymax>
    </bndbox>
  </object>
</annotation>
