<annotation>
  <folder>frame</folder>
  <filename>frame_000002.PNG</filename>
  <source>
    <database>Unknown</database>
    <annotation>Unknown</annotation>
    <image>Unknown</image>
  </source>
  <size>
    <width>640</width>
    <height>480</height>
    <depth></depth>
  </size>
  <segmented>0</segmented>
  <object>
    <name>beer</name>
    <truncated>0</truncated>
    <occluded>0</occluded>
    <difficult>0</difficult>
    <bndbox>
      <xmin>140.62</xmin>
      <ymin>318.13</ymin>
      <xmax>230.5</xmax>
      <ymax>364.13</ymax>
    </bndbox>
  </object>
  <object>
    <name>beer</name>
    <truncated>0</truncated>
    <occluded>0</occluded>
    <difficult>0</difficult>
    <bndbox>
      <xmin>450.91</xmin>
      <ymin>324.55</ymin>
      <xmax>545.06</xmax>
      <ymax>375.9</ymax>
    </bndbox>
  </object>
  <object>
    <name>beer</name>
    <truncated>0</truncated>
    <occluded>0</occluded>
    <difficult>0</difficult>
    <bndbox>
      <xmin>354.61</xmin>
      <ymin>0.0</ymin>
      <xmax>414.53</xmax>
      <ymax>49.57</ymax>
    </bndbox>
  </object>
  <object>
    <name>cola</name>
    <truncated>0</truncated>
    <occluded>0</occluded>
    <difficult>0</difficult>
    <bndbox>
      <xmin>577.16</xmin>
      <ymin>231.46</ymin>
      <xmax>640.0</xmax>
      <ymax>319.2</ymax>
    </bndbox>
  </object>
</annotation>
