<annotation>
  <folder>frame</folder>
  <filename>frame_000046.PNG</filename>
  <source>
    <database>Unknown</database>
    <annotation>Unknown</annotation>
    <image>Unknown</image>
  </source>
  <size>
    <width>640</width>
    <height>480</height>
    <depth></depth>
  </size>
  <segmented>0</segmented>
  <object>
    <name>beer</name>
    <truncated>0</truncated>
    <occluded>0</occluded>
    <difficult>0</difficult>
    <bndbox>
      <xmin>138.49</xmin>
      <ymin>317.06</ymin>
      <xmax>232.64</xmax>
      <ymax>366.27</ymax>
    </bndbox>
  </object>
  <object>
    <name>beer</name>
    <truncated>0</truncated>
    <occluded>0</occluded>
    <difficult>0</difficult>
    <bndbox>
      <xmin>446.63</xmin>
      <ymin>325.62</ymin>
      <xmax>545.06</xmax>
      <ymax>372.69</ymax>
    </bndbox>
  </object>
  <object>
    <name>beer</name>
    <truncated>0</truncated>
    <occluded>0</occluded>
    <difficult>0</difficult>
    <bndbox>
      <xmin>397.41</xmin>
      <ymin>0.0</ymin>
      <xmax>461.6</xmax>
      <ymax>42.1</ymax>
    </bndbox>
  </object>
  <object>
    <name>cola</name>
    <truncated>0</truncated>
    <occluded>0</occluded>
    <difficult>0</difficult>
    <bndbox>
      <xmin>461.6</xmin>
      <ymin>181.18</ymin>
      <xmax>517.24</xmax>
      <ymax>265.7</ymax>
    </bndbox>
  </object>
  <object>
    <name>cola</name>
    <truncated>0</truncated>
    <occluded>0</occluded>
    <difficult>0</difficult>
    <bndbox>
      <xmin>515.1</xmin>
      <ymin>188.67</ymin>
      <xmax>564.32</xmax>
      <ymax>274.26</ymax>
    </bndbox>
  </object>
</annotation>
