<annotation>
  <folder>frame</folder>
  <filename>frame_000094.PNG</filename>
  <source>
    <database>Unknown</database>
    <annotation>Unknown</annotation>
    <image>Unknown</image>
  </source>
  <size>
    <width>640</width>
    <height>480</height>
    <depth></depth>
  </size>
  <segmented>0</segmented>
  <object>
    <name>cola</name>
    <truncated>0</truncated>
    <occluded>0</occluded>
    <difficult>0</difficult>
    <bndbox>
      <xmin>0.0</xmin>
      <ymin>102.62</ymin>
      <xmax>49.67</xmax>
      <ymax>186.26</ymax>
    </bndbox>
  </object>
  <object>
    <name>beer</name>
    <truncated>0</truncated>
    <occluded>0</occluded>
    <difficult>0</difficult>
    <bndbox>
      <xmin>138.07</xmin>
      <ymin>321.23</ymin>
      <xmax>235.97</xmax>
      <ymax>365.9</ymax>
    </bndbox>
  </object>
  <object>
    <name>beer</name>
    <truncated>0</truncated>
    <occluded>0</occluded>
    <difficult>0</difficult>
    <bndbox>
      <xmin>446.98</xmin>
      <ymin>325.03</ymin>
      <xmax>545.83</xmax>
      <ymax>371.61</ymax>
    </bndbox>
  </object>
  <object>
    <name>beer</name>
    <truncated>0</truncated>
    <occluded>0</occluded>
    <difficult>0</difficult>
    <bndbox>
      <xmin>407.06</xmin>
      <ymin>0.0</ymin>
      <xmax>460.29</xmax>
      <ymax>42.74</ymax>
    </bndbox>
  </object>
</annotation>
