<annotation>
  <folder>frame</folder>
  <filename>frame_000042.PNG</filename>
  <source>
    <database>Unknown</database>
    <annotation>Unknown</annotation>
    <image>Unknown</image>
  </source>
  <size>
    <width>640</width>
    <height>480</height>
    <depth></depth>
  </size>
  <segmented>0</segmented>
  <object>
    <name>beer</name>
    <truncated>0</truncated>
    <occluded>0</occluded>
    <difficult>0</difficult>
    <bndbox>
      <xmin>139.56</xmin>
      <ymin>317.06</ymin>
      <xmax>232.64</xmax>
      <ymax>367.34</ymax>
    </bndbox>
  </object>
  <object>
    <name>beer</name>
    <truncated>0</truncated>
    <occluded>0</occluded>
    <difficult>0</difficult>
    <bndbox>
      <xmin>393.13</xmin>
      <ymin>0.0</ymin>
      <xmax>451.98</xmax>
      <ymax>46.36</ymax>
    </bndbox>
  </object>
  <object>
    <name>beer</name>
    <truncated>0</truncated>
    <occluded>0</occluded>
    <difficult>0</difficult>
    <bndbox>
      <xmin>446.63</xmin>
      <ymin>325.62</ymin>
      <xmax>547.2</xmax>
      <ymax>372.69</ymax>
    </bndbox>
  </object>
  <object>
    <name>cola</name>
    <truncated>0</truncated>
    <occluded>0</occluded>
    <difficult>0</difficult>
    <bndbox>
      <xmin>553.62</xmin>
      <ymin>197.22</ymin>
      <xmax>607.12</xmax>
      <ymax>283.89</ymax>
    </bndbox>
  </object>
  <object>
    <name>cola</name>
    <truncated>0</truncated>
    <occluded>0</occluded>
    <difficult>0</difficult>
    <bndbox>
      <xmin>609.26</xmin>
      <ymin>199.36</ymin>
      <xmax>640.0</xmax>
      <ymax>286.03</ymax>
    </bndbox>
  </object>
</annotation>
