<annotation>
  <folder>frame</folder>
  <filename>frame_000084.PNG</filename>
  <source>
    <database>Unknown</database>
    <annotation>Unknown</annotation>
    <image>Unknown</image>
  </source>
  <size>
    <width>640</width>
    <height>480</height>
    <depth></depth>
  </size>
  <segmented>0</segmented>
  <object>
    <name>cola</name>
    <truncated>0</truncated>
    <occluded>0</occluded>
    <difficult>0</difficult>
    <bndbox>
      <xmin>0.0</xmin>
      <ymin>111.63</ymin>
      <xmax>57.17</xmax>
      <ymax>204.71</ymax>
    </bndbox>
  </object>
  <object>
    <name>cola</name>
    <truncated>0</truncated>
    <occluded>0</occluded>
    <difficult>0</difficult>
    <bndbox>
      <xmin>49.68</xmin>
      <ymin>113.77</ymin>
      <xmax>116.02000000000001</xmax>
      <ymax>201.5</ymax>
    </bndbox>
  </object>
  <object>
    <name>beer</name>
    <truncated>0</truncated>
    <occluded>0</occluded>
    <difficult>0</difficult>
    <bndbox>
      <xmin>138.49</xmin>
      <ymin>319.2</ymin>
      <xmax>230.5</xmax>
      <ymax>365.2</ymax>
    </bndbox>
  </object>
  <object>
    <name>beer</name>
    <truncated>0</truncated>
    <occluded>0</occluded>
    <difficult>0</difficult>
    <bndbox>
      <xmin>446.63</xmin>
      <ymin>328.83</ymin>
      <xmax>542.92</xmax>
      <ymax>368.41</ymax>
    </bndbox>
  </object>
  <object>
    <name>beer</name>
    <truncated>0</truncated>
    <occluded>0</occluded>
    <difficult>0</difficult>
    <bndbox>
      <xmin>410.25</xmin>
      <ymin>0.0</ymin>
      <xmax>466.95</xmax>
      <ymax>43.15</ymax>
    </bndbox>
  </object>
</annotation>
