<annotation>
  <folder>frame</folder>
  <filename>frame_000080.PNG</filename>
  <source>
    <database>Unknown</database>
    <annotation>Unknown</annotation>
    <image>Unknown</image>
  </source>
  <size>
    <width>640</width>
    <height>480</height>
    <depth></depth>
  </size>
  <segmented>0</segmented>
  <object>
    <name>beer</name>
    <truncated>0</truncated>
    <occluded>0</occluded>
    <difficult>0</difficult>
    <bndbox>
      <xmin>138.49</xmin>
      <ymin>319.2</ymin>
      <xmax>230.5</xmax>
      <ymax>361.99</ymax>
    </bndbox>
  </object>
  <object>
    <name>beer</name>
    <truncated>0</truncated>
    <occluded>0</occluded>
    <difficult>0</difficult>
    <bndbox>
      <xmin>449.84</xmin>
      <ymin>325.62</ymin>
      <xmax>542.92</xmax>
      <ymax>367.34</ymax>
    </bndbox>
  </object>
  <object>
    <name>cola</name>
    <truncated>0</truncated>
    <occluded>0</occluded>
    <difficult>0</difficult>
    <bndbox>
      <xmin>29.35</xmin>
      <ymin>120.19</ymin>
      <xmax>88.2</xmax>
      <ymax>203.64</ymax>
    </bndbox>
  </object>
  <object>
    <name>cola</name>
    <truncated>0</truncated>
    <occluded>0</occluded>
    <difficult>0</difficult>
    <bndbox>
      <xmin>84.99</xmin>
      <ymin>116.98</ymin>
      <xmax>147.04</xmax>
      <ymax>205.78</ymax>
    </bndbox>
  </object>
  <object>
    <name>beer</name>
    <truncated>0</truncated>
    <occluded>0</occluded>
    <difficult>0</difficult>
    <bndbox>
      <xmin>408.11</xmin>
      <ymin>0.0</ymin>
      <xmax>461.61</xmax>
      <ymax>41.01</ymax>
    </bndbox>
  </object>
</annotation>
