<annotation>
  <folder>frame</folder>
  <filename>frame_000051.PNG</filename>
  <source>
    <database>Unknown</database>
    <annotation>Unknown</annotation>
    <image>Unknown</image>
  </source>
  <size>
    <width>640</width>
    <height>480</height>
    <depth></depth>
  </size>
  <segmented>0</segmented>
  <object>
    <name>beer</name>
    <truncated>0</truncated>
    <occluded>0</occluded>
    <difficult>0</difficult>
    <bndbox>
      <xmin>142.76</xmin>
      <ymin>320.27</ymin>
      <xmax>227.29</xmax>
      <ymax>364.13</ymax>
    </bndbox>
  </object>
  <object>
    <name>beer</name>
    <truncated>0</truncated>
    <occluded>0</occluded>
    <difficult>0</difficult>
    <bndbox>
      <xmin>450.91</xmin>
      <ymin>326.69</ymin>
      <xmax>541.85</xmax>
      <ymax>372.69</ymax>
    </bndbox>
  </object>
  <object>
    <name>beer</name>
    <truncated>0</truncated>
    <occluded>0</occluded>
    <difficult>0</difficult>
    <bndbox>
      <xmin>405.97</xmin>
      <ymin>0.0</ymin>
      <xmax>463.75</xmax>
      <ymax>43.15</ymax>
    </bndbox>
  </object>
  <object>
    <name>cola</name>
    <truncated>0</truncated>
    <occluded>0</occluded>
    <difficult>0</difficult>
    <bndbox>
      <xmin>381.36</xmin>
      <ymin>166.2</ymin>
      <xmax>438.07</xmax>
      <ymax>256.07</ymax>
    </bndbox>
  </object>
  <object>
    <name>cola</name>
    <truncated>0</truncated>
    <occluded>0</occluded>
    <difficult>0</difficult>
    <bndbox>
      <xmin>431.65</xmin>
      <ymin>175.83</ymin>
      <xmax>483.0</xmax>
      <ymax>257.14</ymax>
    </bndbox>
  </object>
</annotation>
