<annotation>
  <folder>frame</folder>
  <filename>frame_000053.PNG</filename>
  <source>
    <database>Unknown</database>
    <annotation>Unknown</annotation>
    <image>Unknown</image>
  </source>
  <size>
    <width>640</width>
    <height>480</height>
    <depth></depth>
  </size>
  <segmented>0</segmented>
  <object>
    <name>beer</name>
    <truncated>0</truncated>
    <occluded>0</occluded>
    <difficult>0</difficult>
    <bndbox>
      <xmin>140.62</xmin>
      <ymin>321.34</ymin>
      <xmax>230.5</xmax>
      <ymax>363.06</ymax>
    </bndbox>
  </object>
  <object>
    <name>beer</name>
    <truncated>0</truncated>
    <occluded>0</occluded>
    <difficult>0</difficult>
    <bndbox>
      <xmin>448.77</xmin>
      <ymin>325.62</ymin>
      <xmax>543.99</xmax>
      <ymax>370.55</ymax>
    </bndbox>
  </object>
  <object>
    <name>beer</name>
    <truncated>0</truncated>
    <occluded>0</occluded>
    <difficult>0</difficult>
    <bndbox>
      <xmin>405.97</xmin>
      <ymin>0.0</ymin>
      <xmax>464.82</xmax>
      <ymax>42.08</ymax>
    </bndbox>
  </object>
  <object>
    <name>cola</name>
    <truncated>0</truncated>
    <occluded>0</occluded>
    <difficult>0</difficult>
    <bndbox>
      <xmin>352.47</xmin>
      <ymin>165.13</ymin>
      <xmax>404.9</xmax>
      <ymax>250.72</ymax>
    </bndbox>
  </object>
  <object>
    <name>cola</name>
    <truncated>0</truncated>
    <occluded>0</occluded>
    <difficult>0</difficult>
    <bndbox>
      <xmin>399.55</xmin>
      <ymin>169.41</ymin>
      <xmax>450.91</xmax>
      <ymax>249.65</ymax>
    </bndbox>
  </object>
</annotation>
