<annotation>
  <folder>frame</folder>
  <filename>frame_000041.PNG</filename>
  <source>
    <database>Unknown</database>
    <annotation>Unknown</annotation>
    <image>Unknown</image>
  </source>
  <size>
    <width>640</width>
    <height>480</height>
    <depth></depth>
  </size>
  <segmented>0</segmented>
  <object>
    <name>beer</name>
    <truncated>0</truncated>
    <occluded>0</occluded>
    <difficult>0</difficult>
    <bndbox>
      <xmin>142.76</xmin>
      <ymin>318.13</ymin>
      <xmax>234.78</xmax>
      <ymax>368.41</ymax>
    </bndbox>
  </object>
  <object>
    <name>beer</name>
    <truncated>0</truncated>
    <occluded>0</occluded>
    <difficult>0</difficult>
    <bndbox>
      <xmin>445.56</xmin>
      <ymin>323.48</ymin>
      <xmax>547.2</xmax>
      <ymax>373.76</ymax>
    </bndbox>
  </object>
  <object>
    <name>beer</name>
    <truncated>0</truncated>
    <occluded>0</occluded>
    <difficult>0</difficult>
    <bndbox>
      <xmin>392.06</xmin>
      <ymin>0.0</ymin>
      <xmax>455.19</xmax>
      <ymax>47.43</ymax>
    </bndbox>
  </object>
  <object>
    <name>cola</name>
    <truncated>0</truncated>
    <occluded>0</occluded>
    <difficult>0</difficult>
    <bndbox>
      <xmin>582.51</xmin>
      <ymin>201.5</ymin>
      <xmax>636.0</xmax>
      <ymax>292.45</ymax>
    </bndbox>
  </object>
</annotation>
