<annotation>
  <folder>frame</folder>
  <filename>frame_000056.PNG</filename>
  <source>
    <database>Unknown</database>
    <annotation>Unknown</annotation>
    <image>Unknown</image>
  </source>
  <size>
    <width>640</width>
    <height>480</height>
    <depth></depth>
  </size>
  <segmented>0</segmented>
  <object>
    <name>beer</name>
    <truncated>0</truncated>
    <occluded>0</occluded>
    <difficult>0</difficult>
    <bndbox>
      <xmin>139.56</xmin>
      <ymin>319.2</ymin>
      <xmax>233.71</xmax>
      <ymax>367.34</ymax>
    </bndbox>
  </object>
  <object>
    <name>beer</name>
    <truncated>0</truncated>
    <occluded>0</occluded>
    <difficult>0</difficult>
    <bndbox>
      <xmin>448.77</xmin>
      <ymin>325.62</ymin>
      <xmax>545.06</xmax>
      <ymax>370.55</ymax>
    </bndbox>
  </object>
  <object>
    <name>beer</name>
    <truncated>0</truncated>
    <occluded>0</occluded>
    <difficult>0</difficult>
    <bndbox>
      <xmin>404.9</xmin>
      <ymin>0.0</ymin>
      <xmax>461.6</xmax>
      <ymax>38.87</ymax>
    </bndbox>
  </object>
  <object>
    <name>cola</name>
    <truncated>0</truncated>
    <occluded>0</occluded>
    <difficult>0</difficult>
    <bndbox>
      <xmin>309.67</xmin>
      <ymin>157.64</ymin>
      <xmax>364.24</xmax>
      <ymax>244.3</ymax>
    </bndbox>
  </object>
  <object>
    <name>cola</name>
    <truncated>0</truncated>
    <occluded>0</occluded>
    <difficult>0</difficult>
    <bndbox>
      <xmin>353.54</xmin>
      <ymin>164.06</ymin>
      <xmax>412.39</xmax>
      <ymax>244.3</ymax>
    </bndbox>
  </object>
</annotation>
