<annotation>
  <folder>frame</folder>
  <filename>frame_000059.PNG</filename>
  <source>
    <database>Unknown</database>
    <annotation>Unknown</annotation>
    <image>Unknown</image>
  </source>
  <size>
    <width>640</width>
    <height>480</height>
    <depth></depth>
  </size>
  <segmented>0</segmented>
  <object>
    <name>beer</name>
    <truncated>0</truncated>
    <occluded>0</occluded>
    <difficult>0</difficult>
    <bndbox>
      <xmin>138.49</xmin>
      <ymin>318.13</ymin>
      <xmax>232.64</xmax>
      <ymax>366.27</ymax>
    </bndbox>
  </object>
  <object>
    <name>beer</name>
    <truncated>0</truncated>
    <occluded>0</occluded>
    <difficult>0</difficult>
    <bndbox>
      <xmin>447.7</xmin>
      <ymin>327.76</ymin>
      <xmax>542.92</xmax>
      <ymax>372.69</ymax>
    </bndbox>
  </object>
  <object>
    <name>beer</name>
    <truncated>0</truncated>
    <occluded>0</occluded>
    <difficult>0</difficult>
    <bndbox>
      <xmin>405.97</xmin>
      <ymin>0.0</ymin>
      <xmax>464.82</xmax>
      <ymax>43.15</ymax>
    </bndbox>
  </object>
  <object>
    <name>cola</name>
    <truncated>0</truncated>
    <occluded>0</occluded>
    <difficult>0</difficult>
    <bndbox>
      <xmin>267.95</xmin>
      <ymin>151.22</ymin>
      <xmax>325.72</xmax>
      <ymax>242.16</ymax>
    </bndbox>
  </object>
  <object>
    <name>cola</name>
    <truncated>0</truncated>
    <occluded>0</occluded>
    <difficult>0</difficult>
    <bndbox>
      <xmin>319.3</xmin>
      <ymin>156.57</ymin>
      <xmax>370.66</xmax>
      <ymax>241.09</ymax>
    </bndbox>
  </object>
</annotation>
