<annotation>
  <folder>frame</folder>
  <filename>frame_000098.PNG</filename>
  <source>
    <database>Unknown</database>
    <annotation>Unknown</annotation>
    <image>Unknown</image>
  </source>
  <size>
    <width>640</width>
    <height>480</height>
    <depth></depth>
  </size>
  <segmented>0</segmented>
  <object>
    <name>cola</name>
    <truncated>0</truncated>
    <occluded>0</occluded>
    <difficult>0</difficult>
    <bndbox>
      <xmin>0.0</xmin>
      <ymin>100.72</ymin>
      <xmax>27.81</xmax>
      <ymax>184.36</ymax>
    </bndbox>
  </object>
  <object>
    <name>beer</name>
    <truncated>0</truncated>
    <occluded>0</occluded>
    <difficult>0</difficult>
    <bndbox>
      <xmin>139.97</xmin>
      <ymin>321.23</ymin>
      <xmax>234.07</xmax>
      <ymax>365.9</ymax>
    </bndbox>
  </object>
  <object>
    <name>beer</name>
    <truncated>0</truncated>
    <occluded>0</occluded>
    <difficult>0</difficult>
    <bndbox>
      <xmin>448.88</xmin>
      <ymin>328.83</ymin>
      <xmax>543.93</xmax>
      <ymax>367.81</ymax>
    </bndbox>
  </object>
  <object>
    <name>beer</name>
    <truncated>0</truncated>
    <occluded>0</occluded>
    <difficult>0</difficult>
    <bndbox>
      <xmin>409.91</xmin>
      <ymin>0.0</ymin>
      <xmax>464.09</xmax>
      <ymax>42.74</ymax>
    </bndbox>
  </object>
</annotation>
