<annotation>
  <folder>frame</folder>
  <filename>frame_000091.PNG</filename>
  <source>
    <database>Unknown</database>
    <annotation>Unknown</annotation>
    <image>Unknown</image>
  </source>
  <size>
    <width>640</width>
    <height>480</height>
    <depth></depth>
  </size>
  <segmented>0</segmented>
  <object>
    <name>cola</name>
    <truncated>0</truncated>
    <occluded>0</occluded>
    <difficult>0</difficult>
    <bndbox>
      <xmin>0.46</xmin>
      <ymin>105.21</ymin>
      <xmax>65.73</xmax>
      <ymax>194.02</ymax>
    </bndbox>
  </object>
  <object>
    <name>beer</name>
    <truncated>0</truncated>
    <occluded>0</occluded>
    <difficult>0</difficult>
    <bndbox>
      <xmin>134.27</xmin>
      <ymin>320.28</ymin>
      <xmax>234.07</xmax>
      <ymax>361.15</ymax>
    </bndbox>
  </object>
  <object>
    <name>beer</name>
    <truncated>0</truncated>
    <occluded>0</occluded>
    <difficult>0</difficult>
    <bndbox>
      <xmin>448.88</xmin>
      <ymin>326.93</ymin>
      <xmax>547.73</xmax>
      <ymax>368.76</ymax>
    </bndbox>
  </object>
  <object>
    <name>beer</name>
    <truncated>0</truncated>
    <occluded>0</occluded>
    <difficult>0</difficult>
    <bndbox>
      <xmin>408.96</xmin>
      <ymin>0.0</ymin>
      <xmax>467.89</xmax>
      <ymax>42.74</ymax>
    </bndbox>
  </object>
</annotation>
