<annotation>
  <folder>frame</folder>
  <filename>frame_000096.PNG</filename>
  <source>
    <database>Unknown</database>
    <annotation>Unknown</annotation>
    <image>Unknown</image>
  </source>
  <size>
    <width>640</width>
    <height>480</height>
    <depth></depth>
  </size>
  <segmented>0</segmented>
  <object>
    <name>cola</name>
    <truncated>0</truncated>
    <occluded>0</occluded>
    <difficult>0</difficult>
    <bndbox>
      <xmin>0.0</xmin>
      <ymin>98.82</ymin>
      <xmax>38.27</xmax>
      <ymax>188.16</ymax>
    </bndbox>
  </object>
  <object>
    <name>beer</name>
    <truncated>0</truncated>
    <occluded>0</occluded>
    <difficult>0</difficult>
    <bndbox>
      <xmin>137.12</xmin>
      <ymin>320.28</ymin>
      <xmax>234.07</xmax>
      <ymax>361.15</ymax>
    </bndbox>
  </object>
  <object>
    <name>beer</name>
    <truncated>0</truncated>
    <occluded>0</occluded>
    <difficult>0</difficult>
    <bndbox>
      <xmin>449.83</xmin>
      <ymin>325.98</ymin>
      <xmax>542.03</xmax>
      <ymax>371.61</ymax>
    </bndbox>
  </object>
  <object>
    <name>beer</name>
    <truncated>0</truncated>
    <occluded>0</occluded>
    <difficult>0</difficult>
    <bndbox>
      <xmin>411.81</xmin>
      <ymin>0.0</ymin>
      <xmax>464.09</xmax>
      <ymax>39.88</ymax>
    </bndbox>
  </object>
</annotation>
