<annotation>
  <folder>frame</folder>
  <filename>frame_000060.PNG</filename>
  <source>
    <database>Unknown</database>
    <annotation>Unknown</annotation>
    <image>Unknown</image>
  </source>
  <size>
    <width>640</width>
    <height>480</height>
    <depth></depth>
  </size>
  <segmented>0</segmented>
  <object>
    <name>beer</name>
    <truncated>0</truncated>
    <occluded>0</occluded>
    <difficult>0</difficult>
    <bndbox>
      <xmin>138.49</xmin>
      <ymin>319.2</ymin>
      <xmax>231.57</xmax>
      <ymax>366.27</ymax>
    </bndbox>
  </object>
  <object>
    <name>beer</name>
    <truncated>0</truncated>
    <occluded>0</occluded>
    <difficult>0</difficult>
    <bndbox>
      <xmin>448.77</xmin>
      <ymin>326.69</ymin>
      <xmax>542.92</xmax>
      <ymax>374.83</ymax>
    </bndbox>
  </object>
  <object>
    <name>beer</name>
    <truncated>0</truncated>
    <occluded>0</occluded>
    <difficult>0</difficult>
    <bndbox>
      <xmin>410.25</xmin>
      <ymin>0.0</ymin>
      <xmax>463.75</xmax>
      <ymax>42.08</ymax>
    </bndbox>
  </object>
  <object>
    <name>cola</name>
    <truncated>0</truncated>
    <occluded>0</occluded>
    <difficult>0</difficult>
    <bndbox>
      <xmin>254.04</xmin>
      <ymin>150.15</ymin>
      <xmax>311.81</xmax>
      <ymax>235.74</ymax>
    </bndbox>
  </object>
  <object>
    <name>cola</name>
    <truncated>0</truncated>
    <occluded>0</occluded>
    <difficult>0</difficult>
    <bndbox>
      <xmin>303.25</xmin>
      <ymin>153.36</ymin>
      <xmax>356.75</xmax>
      <ymax>237.88</ymax>
    </bndbox>
  </object>
</annotation>
