<annotation>
  <folder>frame</folder>
  <filename>frame_000089.PNG</filename>
  <source>
    <database>Unknown</database>
    <annotation>Unknown</annotation>
    <image>Unknown</image>
  </source>
  <size>
    <width>640</width>
    <height>480</height>
    <depth></depth>
  </size>
  <segmented>0</segmented>
  <object>
    <name>cola</name>
    <truncated>0</truncated>
    <occluded>0</occluded>
    <difficult>0</difficult>
    <bndbox>
      <xmin>0.0</xmin>
      <ymin>112.7</ymin>
      <xmax>19.72</xmax>
      <ymax>210.06</ymax>
    </bndbox>
  </object>
  <object>
    <name>cola</name>
    <truncated>0</truncated>
    <occluded>0</occluded>
    <difficult>0</difficult>
    <bndbox>
      <xmin>14.37</xmin>
      <ymin>107.35</ymin>
      <xmax>78.57</xmax>
      <ymax>192.95</ymax>
    </bndbox>
  </object>
  <object>
    <name>beer</name>
    <truncated>0</truncated>
    <occluded>0</occluded>
    <difficult>0</difficult>
    <bndbox>
      <xmin>139.56</xmin>
      <ymin>318.13</ymin>
      <xmax>230.5</xmax>
      <ymax>365.2</ymax>
    </bndbox>
  </object>
  <object>
    <name>beer</name>
    <truncated>0</truncated>
    <occluded>0</occluded>
    <difficult>0</difficult>
    <bndbox>
      <xmin>446.63</xmin>
      <ymin>325.62</ymin>
      <xmax>543.99</xmax>
      <ymax>367.34</ymax>
    </bndbox>
  </object>
  <object>
    <name>beer</name>
    <truncated>0</truncated>
    <occluded>0</occluded>
    <difficult>0</difficult>
    <bndbox>
      <xmin>409.18</xmin>
      <ymin>0.0</ymin>
      <xmax>466.95</xmax>
      <ymax>41.01</ymax>
    </bndbox>
  </object>
</annotation>
