<annotation>
  <folder>frame</folder>
  <filename>frame_000052.PNG</filename>
  <source>
    <database>Unknown</database>
    <annotation>Unknown</annotation>
    <image>Unknown</image>
  </source>
  <size>
    <width>640</width>
    <height>480</height>
    <depth></depth>
  </size>
  <segmented>0</segmented>
  <object>
    <name>beer</name>
    <truncated>0</truncated>
    <occluded>0</occluded>
    <difficult>0</difficult>
    <bndbox>
      <xmin>140.62</xmin>
      <ymin>318.13</ymin>
      <xmax>234.78</xmax>
      <ymax>370.55</ymax>
    </bndbox>
  </object>
  <object>
    <name>beer</name>
    <truncated>0</truncated>
    <occluded>0</occluded>
    <difficult>0</difficult>
    <bndbox>
      <xmin>448.77</xmin>
      <ymin>327.76</ymin>
      <xmax>543.99</xmax>
      <ymax>370.55</ymax>
    </bndbox>
  </object>
  <object>
    <name>beer</name>
    <truncated>0</truncated>
    <occluded>0</occluded>
    <difficult>0</difficult>
    <bndbox>
      <xmin>404.9</xmin>
      <ymin>0.0</ymin>
      <xmax>463.75</xmax>
      <ymax>41.01</ymax>
    </bndbox>
  </object>
  <object>
    <name>cola</name>
    <truncated>0</truncated>
    <occluded>0</occluded>
    <difficult>0</difficult>
    <bndbox>
      <xmin>367.45</xmin>
      <ymin>167.27</ymin>
      <xmax>417.74</xmax>
      <ymax>250.72</ymax>
    </bndbox>
  </object>
  <object>
    <name>cola</name>
    <truncated>0</truncated>
    <occluded>0</occluded>
    <difficult>0</difficult>
    <bndbox>
      <xmin>415.6</xmin>
      <ymin>173.69</ymin>
      <xmax>469.09</xmax>
      <ymax>256.07</ymax>
    </bndbox>
  </object>
</annotation>
