<annotation>
  <folder>frame</folder>
  <filename>frame_000063.PNG</filename>
  <source>
    <database>Unknown</database>
    <annotation>Unknown</annotation>
    <image>Unknown</image>
  </source>
  <size>
    <width>640</width>
    <height>480</height>
    <depth></depth>
  </size>
  <segmented>0</segmented>
  <object>
    <name>beer</name>
    <truncated>0</truncated>
    <occluded>0</occluded>
    <difficult>0</difficult>
    <bndbox>
      <xmin>137.42</xmin>
      <ymin>317.06</ymin>
      <xmax>228.36</xmax>
      <ymax>363.06</ymax>
    </bndbox>
  </object>
  <object>
    <name>beer</name>
    <truncated>0</truncated>
    <occluded>0</occluded>
    <difficult>0</difficult>
    <bndbox>
      <xmin>450.91</xmin>
      <ymin>327.76</ymin>
      <xmax>543.99</xmax>
      <ymax>370.55</ymax>
    </bndbox>
  </object>
  <object>
    <name>cola</name>
    <truncated>0</truncated>
    <occluded>0</occluded>
    <difficult>0</difficult>
    <bndbox>
      <xmin>217.66</xmin>
      <ymin>145.87</ymin>
      <xmax>270.09</xmax>
      <ymax>233.6</ymax>
    </bndbox>
  </object>
  <object>
    <name>cola</name>
    <truncated>0</truncated>
    <occluded>0</occluded>
    <difficult>0</difficult>
    <bndbox>
      <xmin>265.81</xmin>
      <ymin>146.94</ymin>
      <xmax>319.3</xmax>
      <ymax>233.6</ymax>
    </bndbox>
  </object>
  <object>
    <name>beer</name>
    <truncated>0</truncated>
    <occluded>0</occluded>
    <difficult>0</difficult>
    <bndbox>
      <xmin>407.04</xmin>
      <ymin>0.0</ymin>
      <xmax>468.02</xmax>
      <ymax>44.22</ymax>
    </bndbox>
  </object>
</annotation>
