<annotation>
  <folder>frame</folder>
  <filename>frame_000000.PNG</filename>
  <source>
    <database>Unknown</database>
    <annotation>Unknown</annotation>
    <image>Unknown</image>
  </source>
  <size>
    <width>640</width>
    <height>480</height>
    <depth></depth>
  </size>
  <segmented>0</segmented>
  <object>
    <name>beer</name>
    <truncated>0</truncated>
    <occluded>0</occluded>
    <difficult>0</difficult>
    <bndbox>
      <xmin>141.7</xmin>
      <ymin>321.34</ymin>
      <xmax>230.5</xmax>
      <ymax>363.06</ymax>
    </bndbox>
  </object>
  <object>
    <name>beer</name>
    <truncated>0</truncated>
    <occluded>0</occluded>
    <difficult>0</difficult>
    <bndbox>
      <xmin>451.98</xmin>
      <ymin>323.48</ymin>
      <xmax>548.27</xmax>
      <ymax>374.83</ymax>
    </bndbox>
  </object>
  <object>
    <name>beer</name>
    <truncated>0</truncated>
    <occluded>0</occluded>
    <difficult>0</difficult>
    <bndbox>
      <xmin>354.61</xmin>
      <ymin>0.0</ymin>
      <xmax>417.74</xmax>
      <ymax>52.78</ymax>
    </bndbox>
  </object>
  <object>
    <name>cola</name>
    <truncated>0</truncated>
    <occluded>0</occluded>
    <difficult>0</difficult>
    <bndbox>
      <xmin>579.3</xmin>
      <ymin>233.6</ymin>
      <xmax>639.21</xmax>
      <ymax>326.69</ymax>
    </bndbox>
  </object>
</annotation>
