<annotation>
  <folder>frame</folder>
  <filename>frame_000054.PNG</filename>
  <source>
    <database>Unknown</database>
    <annotation>Unknown</annotation>
    <image>Unknown</image>
  </source>
  <size>
    <width>640</width>
    <height>480</height>
    <depth></depth>
  </size>
  <segmented>0</segmented>
  <object>
    <name>beer</name>
    <truncated>0</truncated>
    <occluded>0</occluded>
    <difficult>0</difficult>
    <bndbox>
      <xmin>138.49</xmin>
      <ymin>321.34</ymin>
      <xmax>232.64</xmax>
      <ymax>366.27</ymax>
    </bndbox>
  </object>
  <object>
    <name>beer</name>
    <truncated>0</truncated>
    <occluded>0</occluded>
    <difficult>0</difficult>
    <bndbox>
      <xmin>448.77</xmin>
      <ymin>325.62</ymin>
      <xmax>543.99</xmax>
      <ymax>371.62</ymax>
    </bndbox>
  </object>
  <object>
    <name>beer</name>
    <truncated>0</truncated>
    <occluded>0</occluded>
    <difficult>0</difficult>
    <bndbox>
      <xmin>403.83</xmin>
      <ymin>0.0</ymin>
      <xmax>461.6</xmax>
      <ymax>42.08</ymax>
    </bndbox>
  </object>
  <object>
    <name>cola</name>
    <truncated>0</truncated>
    <occluded>0</occluded>
    <difficult>0</difficult>
    <bndbox>
      <xmin>337.49</xmin>
      <ymin>161.92</ymin>
      <xmax>395.27</xmax>
      <ymax>249.65</ymax>
    </bndbox>
  </object>
  <object>
    <name>cola</name>
    <truncated>0</truncated>
    <occluded>0</occluded>
    <difficult>0</difficult>
    <bndbox>
      <xmin>384.57</xmin>
      <ymin>167.27</ymin>
      <xmax>440.21</xmax>
      <ymax>252.86</ymax>
    </bndbox>
  </object>
</annotation>
