<annotation>
  <folder>frame</folder>
  <filename>frame_000082.PNG</filename>
  <source>
    <database>Unknown</database>
    <annotation>Unknown</annotation>
    <image>Unknown</image>
  </source>
  <size>
    <width>640</width>
    <height>480</height>
    <depth></depth>
  </size>
  <segmented>0</segmented>
  <object>
    <name>beer</name>
    <truncated>0</truncated>
    <occluded>0</occluded>
    <difficult>0</difficult>
    <bndbox>
      <xmin>138.49</xmin>
      <ymin>319.2</ymin>
      <xmax>230.5</xmax>
      <ymax>365.2</ymax>
    </bndbox>
  </object>
  <object>
    <name>beer</name>
    <truncated>0</truncated>
    <occluded>0</occluded>
    <difficult>0</difficult>
    <bndbox>
      <xmin>449.84</xmin>
      <ymin>325.62</ymin>
      <xmax>545.06</xmax>
      <ymax>370.55</ymax>
    </bndbox>
  </object>
  <object>
    <name>cola</name>
    <truncated>0</truncated>
    <occluded>0</occluded>
    <difficult>0</difficult>
    <bndbox>
      <xmin>7.95</xmin>
      <ymin>114.84</ymin>
      <xmax>74.29</xmax>
      <ymax>205.78</ymax>
    </bndbox>
  </object>
  <object>
    <name>cola</name>
    <truncated>0</truncated>
    <occluded>0</occluded>
    <difficult>0</difficult>
    <bndbox>
      <xmin>67.87</xmin>
      <ymin>114.84</ymin>
      <xmax>131.0</xmax>
      <ymax>204.71</ymax>
    </bndbox>
  </object>
  <object>
    <name>beer</name>
    <truncated>0</truncated>
    <occluded>0</occluded>
    <difficult>0</difficult>
    <bndbox>
      <xmin>408.11</xmin>
      <ymin>0.0</ymin>
      <xmax>465.88</xmax>
      <ymax>44.22</ymax>
    </bndbox>
  </object>
</annotation>
