<annotation>
  <folder>frame</folder>
  <filename>frame_001775.PNG</filename>
  <source>
    <database>Unknown</database>
    <annotation>Unknown</annotation>
    <image>Unknown</image>
  </source>
  <size>
    <width>640</width>
    <height>480</height>
    <depth></depth>
  </size>
  <segmented>0</segmented>
  <object>
    <name>beer</name>
    <truncated>0</truncated>
    <occluded>0</occluded>
    <difficult>0</difficult>
    <bndbox>
      <xmin>183.14</xmin>
      <ymin>312.25</ymin>
      <xmax>273.68</xmax>
      <ymax>364.11</ymax>
    </bndbox>
  </object>
  <object>
    <name>cola</name>
    <truncated>0</truncated>
    <occluded>0</occluded>
    <difficult>0</difficult>
    <bndbox>
      <xmin>155.56</xmin>
      <ymin>251.01</ymin>
      <xmax>244.99</xmax>
      <ymax>315.01</ymax>
    </bndbox>
  </object>
</annotation>
