<annotation>
  <folder>frame</folder>
  <filename>frame_001979.PNG</filename>
  <source>
    <database>Unknown</database>
    <annotation>Unknown</annotation>
    <image>Unknown</image>
  </source>
  <size>
    <width>640</width>
    <height>480</height>
    <depth></depth>
  </size>
  <segmented>0</segmented>
  <object>
    <name>beer</name>
    <truncated>0</truncated>
    <occluded>0</occluded>
    <difficult>0</difficult>
    <bndbox>
      <xmin>250.46</xmin>
      <ymin>266.46</ymin>
      <xmax>335.48</xmax>
      <ymax>317.77</ymax>
    </bndbox>
  </object>
  <object>
    <name>beer</name>
    <truncated>0</truncated>
    <occluded>0</occluded>
    <difficult>0</difficult>
    <bndbox>
      <xmin>172.66</xmin>
      <ymin>313.9</ymin>
      <xmax>267.01</xmax>
      <ymax>360.25</ymax>
    </bndbox>
  </object>
  <object>
    <name>cola</name>
    <truncated>0</truncated>
    <occluded>0</occluded>
    <difficult>0</difficult>
    <bndbox>
      <xmin>152.8</xmin>
      <ymin>249.9</ymin>
      <xmax>243.89</xmax>
      <ymax>312.8</ymax>
    </bndbox>
  </object>
</annotation>
